structCharacterDataROMEntry 1,HPOrAutolevel,STR,MAG,SKL,SPD,DEF,CON,LUK,MOV,MovementStars,CritCoefficient,HPGrowth,STRGrowth,MAGGrowth,SKLGrowth,SPDGrowth,DEFGrowth,CONGrowth,LUKGrowth,MOVGrowth,SwordRank,LanceRank,AxeRank,BowRank,StaffRank,FireRank,ThunderRank,WindRank,LightRank,DarkRank,SwordMod,LanceMod,AxeMod,BowMod,StaffMod,FireMod,ThunderMod,WindMod,LightMod,DarkMod,Gender,Skills1,Skills2,Skills3,Class,LeadershipStars,MapSprite,PortraitID
Leif,4,0,0,0,2,1,0,6,0,5,2,70,35,15,35,40,20,15,50,3,RankD,None,None,None,None,None,None,None,None,None,100,100,100,100,100,100,100,100,100,100,GenderMale,None,Skill2Adept,None,Lord,0,LordMapSprite,Leif2Portrait
Finn,8,5,1,5,7,4,2,5,0,0,1,60,35,5,30,35,20,10,45,1,RankE+30,RankD+20,None,None,None,None,None,None,None,None,100,100,100,100,100,100,100,100,100,100,GenderMale,None,Skill2Miracle,None,LanceKnight,0,LanceKnightMapSprite,FinnPortrait
Osian,7,2,0,3,4,2,3,3,0,0,3,80,30,3,20,35,20,25,55,2,None,None,40,None,None,None,None,None,None,None,100,100,100,100,100,100,100,100,100,100,GenderMale,None,None,Skill3Wrath,Fighter,0,FighterMapSprite,OsianPortrait
Halvan,8,3,0,3,2,3,4,2,0,0,4,85,40,3,25,30,25,30,30,2,None,None,RankE+10,None,None,None,None,None,None,None,200,100,100,100,100,100,100,100,100,100,GenderMale,None,Skill2Vantage,None,Fighter,0,FighterMapSprite,HalvanPortrait
Eyvel,17,9,6,11,11,5,4,15,1,10,1,60,40,10,30,30,20,10,80,1,RankC,None,None,None,None,None,None,None,None,None,100,100,100,100,100,100,100,100,100,100,GenderFemale,Skill1Renewal,None,Skill3Immortal,SwordmasterF,0,SwordmasterFMapSprite,EyvelPortrait
Dagdar,15,6,0,6,3,4,5,2,1,5,1,30,20,3,10,10,15,15,30,1,None,None,RankC,40,None,None,None,None,None,None,100,100,100,100,100,100,100,100,100,100,GenderMale,None,Skill2Accost,None,Warrior,0,WarriorMapSprite,DagdarPortrait
Ralph,14,6,0,5,6,4,6,6,1,0,1,60,35,3,30,20,30,35,15,1,RankC,None,RankD+40,None,None,None,None,None,None,None,100,100,100,100,100,100,100,100,100,100,GenderMale,None,None,None,Hero,0,HeroMapSprite,RalphPortrait
Marty,10,7,0,0,0,3,6,6,0,0,1,100,15,3,15,10,40,80,70,3,None,None,RankE+20,None,None,None,None,None,None,None,100,100,100,100,100,100,100,100,100,100,GenderMale,None,None,None,Brigand,0,BrigandMapSprite,MartyPortrait
Ronan,3,2,0,1,3,2,1,4,0,15,1,40,15,60,45,55,10,10,20,3,None,None,None,30,None,None,None,None,None,None,100,100,100,100,100,100,100,100,100,100,GenderMale,None,Skill2Adept,None,Archer,0,ArcherMapSprite,RonanPortrait
Miranda,7,1,7,4,4,2,1,7,0,20,1,60,25,50,55,70,15,10,40,2,None,None,None,None,None,RankA,20,30,None,None,100,100,100,100,100,100,100,100,100,100,GenderFemale,None,None,Skill3Wrath,WindMageF,0,WindMageFMapSprite,MirandaPortrait
Safy,2,0,3,5,5,0,0,9,0,0,1,35,3,35,45,40,5,5,30,1,None,None,None,None,RankD+40,None,None,None,None,None,100,100,100,100,100,100,100,100,100,100,GenderFemale,None,None,None,Priestess,0,PriestessMapSprite,SafyPortrait
Lara,2,2,0,3,3,1,0,6,0,5,1,45,10,10,50,70,20,5,60,3,None,None,None,None,None,None,None,None,None,None,100,100,100,100,100,100,100,100,100,100,GenderFemale,Skill1Steal,None,None,ThiefF,0,ThiefFMapSprite,LaraPortrait
Brighton,8,5,0,4,3,5,3,3,0,0,1,75,50,10,35,25,40,25,30,1,RankE+20,None,RankD,None,None,None,None,None,None,None,100,100,100,100,100,100,100,100,100,100,GenderMale,None,None,Skill3Wrath,GreatKnightDismounted,0,PromotedKnightDismountedMapSprite,BrightonPortrait
Fergus,7,3,0,4,3,2,2,6,0,5,5,65,35,5,45,35,25,20,40,1,RankD+30,None,None,None,None,None,None,None,None,None,100,100,100,100,100,100,100,100,100,100,GenderMale,None,None,None,SwordKnightDismounted,0,SwordKnightDismountedMapSprite,FergusPortrait
Eda,6,2,3,3,5,2,4,12,1,0,4,60,40,10,35,60,30,15,30,1,RankD+10,RankD+30,None,None,None,None,None,None,None,None,100,100,100,100,100,100,100,100,100,100,GenderFemale,None,Skill2Miracle,None,DracoriderF,0,DracoriderFMapSprite,EdaPortrait
Asbel,4,0,2,1,4,0,0,5,0,5,3,55,5,25,55,75,10,10,35,2,None,None,None,None,None,None,None,RankE+20,None,None,100,100,100,100,100,100,100,100,100,100,GenderMale,None,Skill2Adept,None,WindMage,0,WindMageMapSprite,AsbelPortrait
Macha,7,3,2,5,4,2,2,6,0,0,3,60,30,5,55,60,25,20,35,2,RankE+40,None,None,None,None,None,None,None,None,None,100,100,200,100,100,100,100,100,100,100,GenderFemale,None,Skill2Vantage,None,MyrmidonF,0,MyrmidonFMapSprite,MachaPortrait
Hicks,12,6,0,5,3,6,7,8,0,10,2,80,35,3,40,30,25,30,55,1,40,None,RankD,None,None,None,None,None,None,None,100,100,100,100,100,100,100,100,100,100,GenderMale,None,None,None,AxeKnight,0,AxeKnightMapSprite,HicksPortrait
Nanna,2,1,3,4,4,1,0,9,0,0,1,50,25,20,40,35,15,10,55,1,RankD,None,None,None,30,None,None,None,None,None,100,100,100,100,100,100,100,100,100,100,GenderFemale,None,Skill2Charm,None,TroubadourDismounted,0,KnightFDismountedMapSprite,NannaPortrait
Selphina,8,4,4,7,5,4,2,11,0,0,1,70,30,15,40,50,20,10,40,1,None,None,None,RankD+10,None,None,None,None,None,None,100,100,100,100,100,100,100,100,100,100,GenderFemale,None,Skill2Accost,None,ArchKnightF,1,ArchKnightFMapSprite,SelphinaPortrait
Dalsin,15,7,0,5,4,5,6,0,0,0,1,90,50,3,40,25,25,25,25,2,None,None,RankD+10,None,None,None,None,None,None,None,100,200,100,100,100,100,100,100,100,100,GenderMale,None,None,None,ArmoredAxe,0,ArmoredAxeMapSprite,DalsinPortrait
Callion,5,3,1,2,4,3,1,7,0,5,4,75,40,5,65,45,25,25,55,3,40,RankE+30,None,None,None,None,None,None,None,None,100,100,100,100,100,100,100,100,100,100,GenderMale,None,None,None,Cavalier,0,CavalierMapSprite,CallionPortrait
Shiva,8,5,0,5,6,4,1,7,1,5,4,70,45,10,50,35,25,20,60,2,RankD,None,None,None,None,None,None,None,None,None,100,100,100,100,100,100,100,100,100,100,GenderMale,None,None,Skill3Sol,Myrmidon,0,MyrmidonMapSprite,ShivaPortrait
Perne,10,3,2,7,6,3,2,11,0,25,5,65,40,5,45,65,20,10,70,2,RankE,None,None,None,None,None,None,None,None,None,100,100,100,100,100,100,100,100,100,100,GenderMale,Skill1Steal,None,Skill3Sol,Rogue,2,RogueMapSprite,PernePortrait
Glade,10,6,1,6,5,5,4,4,0,5,2,60,45,5,35,35,25,15,35,1,RankE+40,RankC,None,None,None,None,None,None,None,None,100,100,100,100,100,100,100,100,100,100,GenderMale,None,None,None,DukeKnight,1,DukeKnightMapSprite,GladePortrait
Kane,6,4,0,1,3,3,3,3,0,0,1,85,55,5,40,35,35,30,50,2,20,RankE+20,None,None,None,None,None,None,None,None,100,100,100,100,100,100,100,100,100,100,GenderMale,None,None,Skill3Wrath,LanceKnight,0,LanceKnightMapSprite,KanePortrait
Alba,4,3,0,2,5,2,2,4,0,0,1,80,40,10,45,50,30,25,65,3,RankE+10,40,None,None,None,None,None,None,None,None,100,100,100,100,100,100,100,100,100,100,GenderMale,None,Skill2Vantage,None,LanceKnight,0,LanceKnightMapSprite,AlbaPortrait
Robert,3,2,0,1,4,1,1,6,0,10,3,65,45,5,50,60,20,20,70,1,None,None,None,None,None,None,None,None,None,None,100,100,100,200,100,100,100,100,100,100,GenderMale,None,None,None,BowKnight,0,BowKnightMapSprite,RobertPortrait
Fred,9,5,6,5,4,4,4,6,0,0,1,75,60,30,40,35,35,25,25,1,RankC+20,RankE+30,None,None,None,None,None,None,None,None,100,100,100,100,100,100,100,100,100,100,GenderMale,None,Skill2Anchor,Skill3Immortal,Paladin,0,PaladinMapSprite,FredPortrait
Olwen,7,3,6,4,5,2,3,9,0,5,4,60,40,35,55,50,15,10,70,3,RankD,None,None,None,None,40,RankD+30,10,None,None,100,100,100,100,100,100,100,100,100,100,GenderFemale,None,Skill2Anchor,Skill3Immortal,MageKnightF,0,MageKnightFMapSprite,OlwenPortrait
CedChp23,16,3,8,9,8,5,3,13,1,10,3,75,10,30,75,80,20,15,65,1,None,None,None,None,RankA,RankC,RankC,RankA,RankD+30,None,100,100,100,100,100,100,100,100,100,100,GenderMale,None,Skill2Adept,None,Sage,1,SageMapSprite,CedPortrait
Lifis,4,2,0,3,4,2,1,1,0,10,0,65,35,3,25,45,15,10,5,2,RankE+30,None,None,None,None,None,None,None,None,None,100,100,100,100,100,100,100,100,100,100,GenderMale,None,Skill2Adept,None,Thief,0,ThiefMapSprite,LifisPortrait
Karin,2,2,4,1,8,2,0,12,0,0,1,55,30,15,35,70,15,10,70,2,RankE+20,40,None,None,None,None,None,None,None,None,100,100,100,100,100,100,100,100,100,100,GenderFemale,None,None,None,PegasusRiderDismounted,0,KnightFDismountedMapSprite,KarinPortrait
Dean,12,5,1,7,6,4,4,5,0,10,3,75,55,5,50,30,25,30,40,1,RankC+30,RankD,None,None,None,None,None,None,None,None,100,100,100,100,100,100,100,100,100,100,GenderMale,None,None,None,Dracoknight,0,DracoknightMapSprite,DeanPortrait
Shannam,0,0,0,0,0,0,0,1,0,0,0,50,50,5,5,50,5,5,50,5,None,None,None,None,None,None,None,None,None,None,100,100,100,100,100,100,100,100,100,100,GenderMale,Skill1Bargain,None,None,Myrmidon,0,SwordmasterMapSprite,ShannamPortrait
Trude,11,6,1,7,6,4,3,7,0,5,2,90,35,5,45,30,35,20,60,2,RankE,None,None,None,None,None,None,None,None,None,100,100,100,100,100,100,100,100,100,100,GenderMale,None,Skill2Nihil | Skill2Vantage,None,Swordmaster,0,SwordmasterMapSprite,TrudePortrait
Tanya,4,1,1,3,5,1,2,6,0,0,2,60,35,10,55,70,15,15,60,2,None,None,None,RankE+10,None,None,None,None,None,None,100,100,100,100,100,100,100,100,100,100,GenderFemale,None,None,None,ArcherF,0,ArcherFMapSprite,TanyaPortrait
Linoan,4,0,6,2,4,1,0,10,1,0,5,50,3,40,60,55,10,5,55,2,None,None,None,None,RankD+10,RankE,10,None,RankA,None,100,100,100,100,100,100,100,200,100,100,GenderFemale,None,None,None,Cleric,1,ClericMapSprite,LinoanPortrait
Misha,14,7,8,9,10,5,3,9,1,15,2,65,55,20,65,80,25,20,40,1,RankB,RankB,None,None,None,None,None,None,None,None,100,100,100,100,100,100,100,100,100,100,GenderFemale,None,Skill2Adept,None,PegasusKnight,3,PegasusKnightMapSprite,MishaPortrait
Salem,4,0,6,4,4,2,0,2,0,0,1,60,5,30,45,40,15,10,10,2,None,None,None,None,RankC,RankE+20,RankE,RankE,None,RankE,100,100,100,100,100,100,100,100,100,200,GenderMale,None,None,None,LoptrianMage,0,LoptrianMageMapSprite,SalemPortrait
Schroff,2,0,8,10,3,1,0,9,0,15,0,35,3,30,75,45,10,10,25,2,None,None,None,None,RankB,None,None,None,None,None,100,100,100,100,100,100,100,100,100,100,GenderMale,None,None,None,Priest,0,PriestMapSprite,SchroffPortrait
Mareeta,9,4,1,5,7,2,0,9,0,5,5,65,60,10,75,80,20,10,60,3,RankE+10,None,None,None,None,None,None,None,None,None,100,100,100,100,100,100,100,100,100,100,GenderFemale,None,None,Skill3Luna,MyrmidonF,0,MyrmidonFMapSprite,MareetaPortrait
Tina,0,0,0,0,3,0,0,15,0,25,1,40,3,35,25,65,5,3,90,5,None,None,None,None,None,None,None,None,None,None,100,100,100,100,100,100,100,100,100,100,GenderFemale,None,None,None,Priestess,0,PriestessMapSprite,TinaPortrait
GunterDialogue,10,1,8,10,7,5,3,9,1,0,2,50,5,25,50,40,15,10,35,1,None,None,None,None,RankE+10,None,30,RankE+20,None,None,100,100,100,100,100,200,100,100,100,100,GenderMale,None,Skill2Nihil,None,Bishop,0,BishopMapSprite,GunterPortrait
Amalda,14,7,7,8,9,6,4,11,1,5,2,70,55,15,50,45,25,15,60,1,RankB,None,None,None,RankE,None,None,None,None,None,100,100,100,100,100,100,100,100,100,100,GenderFemale,None,Skill2Adept,None,PaladinF,3,PaladinFMapSprite,AmaldaPortrait
Conomor,21,10,7,12,8,9,6,10,1,5,2,70,60,10,35,50,40,20,20,1,RankB,RankB,None,None,None,None,None,None,None,None,100,100,100,100,100,100,100,100,100,100,GenderMale,None,Skill2Nihil,None,Paladin,4,PaladinMapSprite,ConomorPortrait
Homer,8,0,4,2,5,2,1,12,0,5,5,65,3,30,70,70,15,10,55,3,None,None,None,None,None,None,None,None,RankE,None,100,100,100,100,100,100,200,100,100,100,GenderMale,None,None,Skill3Paragon,Bard,0,BardMapSprite,HomerPortrait
Diarmuid,18,7,5,9,7,6,5,11,2,0,5,70,40,10,65,45,25,15,65,2,RankB,None,None,None,None,None,None,None,None,None,100,100,100,100,100,100,100,100,100,100,GenderMale,None,Skill2Charm,None,Ranger,0,RangerMapSprite,DiarmuidPortrait
Sara,1,0,10,10,4,0,0,10,0,25,0,40,3,40,80,80,10,3,40,3,None,None,None,None,RankC,None,None,None,None,None,100,100,100,100,100,100,100,100,200,100,GenderFemale,None,Skill2Miracle,Skill3Wrath | Skill3Paragon,Cleric,0,ClericMapSprite,SaraPortrait
Saias,12,2,12,13,10,7,3,10,1,15,0,80,3,50,40,40,15,10,55,2,None,None,None,None,RankA,RankA,RankC,RankC,RankB,None,100,100,100,100,200,100,100,100,100,100,GenderMale,None,Skill2Anchor | Skill2Nihil,Skill3Immortal,HighPriest,10,HighPriestMapSprite,SaiasPortrait
Raydrik,41,6,6,8,7,2,20,6,0,5,0,40,5,10,15,15,5,3,5,3,RankB,RankD,RankE,RankB,None,None,None,None,None,None,100,100,100,100,100,100,100,100,100,100,GenderMale,None,Skill2Adept,Skill3Immortal,Baron,4,BaronMapSprite,RaydrikPortrait
Gerald,15,5,11,8,7,5,7,9,1,25,2,40,5,10,15,15,5,3,5,3,RankA,None,None,None,None,None,None,None,None,None,200,100,100,100,100,100,100,100,100,100,GenderMale,None,None,Skill3Paragon,ArmoredSword,0,ArmoredSwordMapSprite,NPCBoy2Portrait
Veld,50,5,15,13,14,9,6,12,0,10,1,10,5,80,20,15,1,5,5,3,RankB,RankB,RankB,RankB,RankA,RankA,RankA,RankA,RankA,RankA,100,100,100,100,100,100,100,100,100,100,GenderMale,None,Skill2Vantage | Skill2Charm,Skill3Immortal,DarkBishop,5,DarkBishopMapSprite,VeldPortrait
Weissmann,14,5,1,8,4,4,3,1,0,0,1,30,30,30,30,30,30,30,30,3,RankD,None,None,None,None,None,None,None,None,None,100,100,100,100,100,100,100,100,100,100,GenderMale,None,None,None,ArmoredSword,1,ArmoredSwordMapSprite,WeissmannPortrait
MunsterArcher,-AutolevelScheme1,0,0,0,0,0,0,0,0,0,0,0,0,0,0,0,0,0,0,0,None,None,None,None,None,None,None,None,None,None,100,100,100,100,100,100,100,100,100,100,GenderMale,None,None,None,ArcherEnemy,0,ArcherEnemyMapSprite,Archer6Portrait
Bucks,5,2,0,2,2,1,4,3,0,0,1,0,0,0,0,0,0,0,0,0,None,None,RankD,RankE,None,None,None,None,None,None,100,100,100,100,100,100,100,100,100,100,GenderMale,None,None,None,Warrior,0,WarriorMapSprite,BucksPortrait
Jabal,18,4,0,5,5,0,2,0,0,0,1,0,0,0,0,0,0,0,0,0,None,None,RankA,None,None,None,None,None,None,None,100,100,100,100,100,100,100,100,100,100,GenderMale,None,None,None,Berserker,0,BerserkerMapSprite,JabalPortrait
LifisCrewPirate,-AutolevelScheme1,0,0,0,0,0,0,0,0,0,0,0,0,0,0,0,0,0,0,0,None,None,None,None,None,None,None,None,None,None,100,100,100,100,100,100,100,100,100,100,GenderMale,None,None,None,Pirate,0,PirateMapSprite,Brigand4Portrait
LifisCrewHunter,-AutolevelScheme1,0,0,0,0,0,0,0,0,0,0,0,0,0,0,0,0,0,0,0,None,None,None,None,None,None,None,None,None,None,100,100,100,100,100,100,100,100,100,100,GenderMale,None,None,None,Hunter,0,HunterMapSprite,Archer3Portrait
LifisCrewWarrior,-AutolevelScheme3,0,0,0,0,0,0,0,0,0,0,0,0,0,0,0,0,0,0,0,None,None,None,None,None,None,None,None,None,None,100,100,100,100,100,100,100,100,100,100,GenderMale,None,None,None,Warrior,0,WarriorMapSprite,Fighter1Portrait
Lobos,6,4,2,0,4,4,1,2,0,0,1,0,0,0,0,0,0,0,0,0,None,RankD,None,RankC,None,None,None,None,None,None,100,100,100,100,100,100,100,100,100,100,GenderMale,None,None,None,General,1,GeneralMapSprite,LobosPortrait
MunsterArmoredBow,-AutolevelScheme1,0,0,0,0,0,0,0,0,0,0,0,0,0,0,0,0,0,0,0,None,None,None,None,None,None,None,None,None,None,100,100,100,100,100,100,100,100,100,100,GenderMale,None,None,None,ArmoredBow,0,ArmoredBowMapSprite,Armor3Portrait
MunsterThunderMage,-AutolevelScheme2,0,0,0,0,0,0,0,0,0,0,0,0,0,0,0,0,0,0,0,None,None,None,None,None,None,None,None,None,None,100,100,100,100,100,100,100,100,100,100,GenderMale,None,None,None,ThunderMage,0,ThunderMageMapSprite,Mage1Portrait
MunsterBishop1,-AutolevelScheme4,0,0,0,0,0,0,0,0,0,0,0,0,0,0,0,0,0,0,0,None,None,None,None,None,RankA,None,None,None,None,100,100,100,100,100,100,100,100,100,100,GenderMale,None,None,None,Bishop,0,BishopMapSprite,Priest2Portrait
Romeo,10,0,0,0,0,0,2,0,2,0,0,0,0,0,0,0,0,0,0,0,None,None,None,None,None,None,None,None,None,None,100,100,100,100,100,100,100,100,100,100,GenderMale,Skill1Noncombatant,None,None,Civilian,0,ChildMapSprite,NPCBoy1Portrait
Luccia,10,0,0,0,0,0,2,0,2,0,0,0,0,0,0,0,0,0,0,0,None,None,None,None,None,None,None,None,None,None,100,100,100,100,100,100,100,100,100,100,GenderFemale,Skill1Noncombatant,None,None,Civilian,0,ChildFMapSprite,NPCGirl1Portrait
Jubel,10,0,0,0,0,0,2,0,2,0,0,0,0,0,0,0,0,0,0,0,None,None,None,None,None,None,None,None,None,None,100,100,100,100,100,100,100,100,100,100,GenderMale,Skill1Noncombatant,None,None,Civilian,0,ChildMapSprite,NPCBoy1Portrait
Cairpre,6,1,2,5,6,1,2,7,0,5,1,70,10,35,45,25,20,5,50,1,None,None,None,None,RankD,None,None,None,None,None,100,100,100,100,100,100,100,100,100,100,GenderMale,Skill1Noncombatant,Skill2Adept | Skill2Miracle,None,Priest,0,PriestMapSprite,CairprePortrait
CedChp4x,11,2,5,6,6,3,3,9,1,10,3,0,0,0,0,0,0,0,0,0,None,None,None,None,RankD,RankE,None,RankA,RankE,None,100,100,100,100,100,100,100,100,100,100,GenderMale,None,Skill2Adept | Skill2Anchor,Skill3Immortal,Sage,0,SageMapSprite,CedPortrait
Ishtar,25,3,11,13,10,5,3,15,1,15,4,55,5,40,80,25,10,10,30,0,None,None,None,None,RankD,RankA,RankA,RankE,RankE,None,100,100,100,100,100,100,100,100,100,100,GenderFemale,None,Skill2Adept | Skill2Anchor | Skill2Vantage,Skill3Immortal,SageF,5,SageFMapSprite,IshtarPortrait
ReinhardtDialogue,-AutolevelScheme4,12,11,14,12,12,13,17,0,25,5,0,0,0,0,0,0,0,0,0,RankB,None,None,None,RankC,RankE,None,RankA,RankD,None,100,100,100,100,100,100,100,100,100,100,GenderMale,None,Skill2Anchor | Skill2Vantage,Skill3Immortal,MageKnightDismounted,0,MageKnightDismountedMapSprite,ReinhardtPortrait
LifisCrewMyrmidon,-AutolevelScheme1,12,11,14,12,12,13,17,0,0,0,0,0,0,0,0,0,0,0,0,None,None,None,None,RankC,RankE,None,RankA,RankD,None,100,100,100,100,100,100,100,100,100,100,GenderMale,None,None,None,Myrmidon,0,MyrmidonMapSprite,Myrmidon1Portrait
Emily,10,0,0,0,0,0,2,0,2,0,0,0,0,0,0,0,0,0,0,0,None,None,None,None,RankC,RankE,None,RankA,RankD,None,100,100,100,100,100,100,100,100,100,100,GenderFemale,Skill1Noncombatant,None,None,Civilian,0,ChildFMapSprite,NPCGirl1Portrait
Murphy,10,0,0,0,0,0,2,0,2,0,0,0,0,0,0,0,0,0,0,0,None,None,None,None,RankC,RankE,None,RankA,RankD,None,100,100,100,100,100,100,100,100,100,100,GenderMale,Skill1Noncombatant,None,None,Civilian,0,ChildMapSprite,NPCBoy1Portrait
Bella,10,0,0,0,0,0,2,0,2,0,0,0,0,0,0,0,0,0,0,0,None,None,None,None,RankC,RankE,None,RankA,RankD,None,100,100,100,100,100,100,100,100,100,100,GenderFemale,Skill1Noncombatant,None,None,Civilian,0,ChildFMapSprite,NPCGirl1Portrait
Cliff,10,0,0,0,0,0,2,0,2,0,0,0,0,0,0,0,0,0,0,0,None,None,None,None,RankC,RankE,None,RankA,RankD,None,100,100,100,100,100,100,100,100,100,100,GenderMale,Skill1Noncombatant,None,None,Civilian,0,ChildMapSprite,NPCBoy1Portrait
Bowie,10,0,0,0,0,0,2,0,2,0,0,0,0,0,0,0,0,0,0,0,None,None,None,None,RankC,RankE,None,RankA,RankD,None,100,100,100,100,100,100,100,100,100,100,GenderMale,Skill1Noncombatant,None,None,Civilian,0,ChildMapSprite,NPCBoy1Portrait
Leena,10,0,0,0,0,0,2,0,2,0,0,0,0,0,0,0,0,0,0,0,None,None,None,None,RankC,RankE,None,RankA,RankD,None,100,100,100,100,100,100,100,100,100,100,GenderFemale,Skill1Noncombatant,None,None,Civilian,0,ChildFMapSprite,NPCGirl1Portrait
MercenaryMyrmidon1,-AutolevelScheme1,0,0,0,0,0,2,0,2,0,0,0,0,0,0,0,0,0,0,0,None,None,None,None,None,None,None,None,None,None,100,100,100,100,100,100,100,100,100,100,GenderMale,None,None,None,Myrmidon,0,MyrmidonMapSprite,Myrmidon1Portrait
Galzus,29,14,8,13,13,9,10,17,1,25,3,90,60,10,50,50,30,10,70,1,RankA,None,RankA,None,None,None,None,None,None,None,100,100,100,100,100,100,100,100,100,100,GenderMale,None,None,Skill3Astra | Skill3Luna,Hero,0,HeroMapSprite,GalzusPortrait
MunsterCavalier,-AutolevelScheme1,0,0,0,0,0,2,0,2,0,0,0,0,0,0,0,0,0,0,0,RankC,None,None,None,None,None,None,None,None,None,100,100,100,100,100,100,100,100,100,100,GenderMale,None,None,None,Cavalier,0,CavalierMapSprite,Knight1Portrait
MunsterPaladin,-AutolevelScheme3,0,0,0,0,0,2,0,2,0,0,0,0,0,0,0,0,0,0,0,RankC,None,None,None,None,None,None,None,None,None,100,100,100,100,100,100,100,100,100,100,GenderMale,None,None,None,Paladin,0,PaladinMapSprite,Knight6Portrait
MunsterBowKnight,-AutolevelScheme1,0,0,0,0,0,2,0,2,0,0,0,0,0,0,0,0,0,0,0,RankC,None,None,None,None,None,None,None,None,None,100,100,100,100,100,100,100,100,100,100,GenderMale,None,None,None,BowKnight,0,BowKnightMapSprite,BowKnight1Portrait
Pierre,26,7,10,9,8,6,4,10,1,0,1,0,0,0,0,0,0,0,0,0,None,None,None,None,RankA,RankC,RankA,RankE,None,RankA,100,100,100,100,100,100,100,100,100,100,GenderMale,None,None,Skill3Wrath,DarkBishop,3,DarkBishopMapSprite,PierrePortrait
Eisenhau,14,7,3,6,7,4,7,3,0,5,1,0,0,0,0,0,0,0,0,0,RankC,RankB,None,None,None,None,None,None,None,None,100,100,100,100,100,100,100,100,100,100,GenderMale,None,Skill2Adept,None,Paladin,3,PaladinMapSprite,Leonster7Portrait
Hannibal,34,11,0,12,14,20,6,7,1,0,2,60,50,5,10,10,30,10,10,0,RankA,RankA,RankC,RankC,None,None,None,None,None,None,100,100,100,100,100,100,100,100,100,100,GenderMale,None,Skill2Anchor | Skill2Vantage | Skill2Adept,Skill3Immortal,General,5,GeneralMapSprite,HannibalPortrait
MunsterAxeKnight,-AutolevelScheme1,0,0,0,0,0,2,0,2,0,0,0,0,0,0,0,0,0,0,0,RankC,None,None,None,None,None,None,None,None,None,100,100,100,100,100,100,100,100,100,100,GenderMale,None,None,None,AxeKnight,0,AxeKnightMapSprite,AxeKnight1Portrait
BanditBrigand1,-AutolevelScheme1,0,0,0,0,0,2,0,2,0,0,0,0,0,0,0,0,0,0,0,RankC,None,None,None,None,None,None,None,None,None,100,100,100,100,100,100,100,100,100,100,GenderMale,None,None,None,Brigand,0,BrigandMapSprite,Brigand2Portrait
BanditHunter,-AutolevelScheme1,0,0,0,0,0,2,0,2,0,0,0,0,0,0,0,0,0,0,0,RankC,None,None,None,None,None,None,None,None,None,100,100,100,100,100,100,100,100,100,100,GenderMale,None,None,None,Hunter,0,HunterMapSprite,Archer3Portrait
BanditWarrior,-AutolevelScheme3,0,0,0,0,0,2,0,2,0,0,0,0,0,0,0,0,0,0,0,RankC,None,None,None,None,None,None,None,None,None,100,100,100,100,100,100,100,100,100,100,GenderMale,None,None,None,Warrior,0,WarriorMapSprite,Fighter1Portrait
Rumaigh,12,6,1,2,1,0,1,6,1,0,1,0,0,0,0,0,0,0,0,0,RankE,RankB,None,None,None,None,None,None,None,None,100,100,100,100,100,100,100,100,100,100,GenderMale,None,Skill2Miracle,None,Dracoknight,0,DracoknightMapSprite,RumaighPortrait
Gomez,18,4,2,4,10,6,9,4,0,0,1,0,0,0,0,0,0,0,0,0,None,None,RankB,RankC,None,None,None,None,None,None,100,100,100,100,100,100,100,100,100,100,GenderMale,Skill1Steal,None,None,Warrior,1,WarriorMapSprite,GomezPortrait
Merloch,14,5,2,4,3,2,4,6,0,0,1,0,0,0,0,0,0,0,0,0,RankC,RankD,None,None,None,None,None,None,None,None,100,100,100,100,100,100,100,100,100,100,GenderMale,None,None,None,Dracoknight,1,DracoknightMapSprite,MerlochPortrait
ThraciaDracoknight1,-AutolevelScheme3,0,0,0,0,0,2,0,2,0,0,0,0,0,0,0,0,0,0,0,RankC,None,None,None,None,None,None,None,None,None,100,100,100,100,100,100,100,100,100,100,GenderMale,None,None,None,Dracoknight,0,DracoknightMapSprite,Dracoknight2Portrait
ThraciaMyrmidon,-AutolevelScheme1,0,0,0,0,0,2,0,2,0,0,0,0,0,0,0,0,0,0,0,RankC,None,None,None,None,None,None,None,None,None,100,100,100,100,100,100,100,100,100,100,GenderMale,None,None,None,Myrmidon,0,MyrmidonMapSprite,Myrmidon1Portrait
ThraciaFighter,-AutolevelScheme1,0,0,0,0,0,2,0,2,0,0,0,0,0,0,0,0,0,0,0,RankC,None,None,None,None,None,None,None,None,None,100,100,100,100,100,100,100,100,100,100,GenderMale,None,None,None,Fighter,0,FighterMapSprite,Fighter2Portrait
Altena,14,7,1,6,8,7,6,8,0,5,1,80,55,7,35,50,40,15,25,0,RankC,RankA,None,None,None,None,None,None,None,None,100,100,100,100,100,100,100,100,100,100,GenderFemale,None,Skill2Adept | Skill2Anchor,Skill3Immortal,DracoknightF,0,DracoknightFMapSprite,AltenaPortrait
Travant,37,12,3,10,8,8,9,7,0,20,2,0,0,0,0,0,0,0,0,0,RankA,RankA,None,None,None,None,None,None,None,None,100,100,100,100,100,100,100,100,100,100,GenderMale,None,Skill2Vantage | Skill2Nihil,None,DragonMaster,5,DragonMasterMapSprite,TravantPortrait
Largo,16,7,2,6,6,4,6,18,0,10,1,0,0,0,0,0,0,0,0,0,RankB,RankB,RankE,RankD,None,None,None,None,None,None,100,100,100,100,100,100,100,100,100,100,GenderMale,None,None,None,General,3,GeneralMapSprite,LargoPortrait
MunsterBallista,-AutolevelScheme9,0,0,0,0,0,2,0,2,0,0,0,0,0,0,0,0,0,0,0,RankC,None,None,None,None,None,None,None,None,None,100,100,100,100,100,100,100,100,100,100,GenderMale,None,None,None,Ballistician,0,BallisticianMapSprite,Ballistician1Portrait
MunsterArmoredAxe,-AutolevelScheme1,0,0,0,0,0,2,0,2,0,0,0,0,0,0,0,0,0,0,0,RankC,None,None,None,None,None,None,None,None,None,100,100,100,100,100,100,100,100,100,100,GenderMale,None,None,None,ArmoredAxe,0,ArmoredAxeMapSprite,Armor2Portrait
Kempf,20,10,6,8,9,6,8,10,0,5,2,0,0,0,0,0,0,0,0,0,RankA,None,None,None,None,RankE,RankA,None,None,None,100,100,100,100,100,100,100,100,100,100,GenderMale,None,Skill2Anchor | Skill2Nihil,Skill3Immortal,MageKnightDismounted,3,MageKnightDismountedMapSprite,KempfPortrait
Oltoph,8,1,5,7,6,1,3,15,1,0,1,0,0,0,0,0,0,0,0,0,None,None,None,None,RankE,RankA,RankA,RankE,None,None,100,100,100,100,100,100,100,100,100,100,GenderMale,Skill1Renewal,None,None,Bishop,1,BishopMapSprite,OltophPortrait
Rosa,10,0,0,0,0,0,2,0,2,0,0,0,0,0,0,0,0,0,0,0,None,None,None,None,None,None,None,None,None,None,100,100,100,100,100,100,100,100,100,100,GenderFemale,None,None,None,Civilian,0,ChildFMapSprite,NPCGirl1Portrait
Sera,10,0,0,0,0,0,2,0,2,0,0,0,0,0,0,0,0,0,0,0,None,None,None,None,None,None,None,None,None,None,100,100,100,100,100,100,100,100,100,100,GenderFemale,None,None,None,Civilian,0,ChildFMapSprite,NPCGirl7Portrait
Peter,10,0,0,0,0,0,2,0,2,0,0,0,0,0,0,0,0,0,0,0,None,None,None,None,None,None,None,None,None,None,100,100,100,100,100,100,100,100,100,100,GenderMale,None,None,None,Civilian,0,ChildMapSprite,NPCBoy1Portrait
Colho,22,6,0,6,6,5,8,3,0,0,1,0,0,0,0,0,0,0,0,0,None,None,RankE,None,None,None,None,None,None,None,100,100,200,100,100,100,100,100,100,100,GenderMale,None,Skill2Vantage,None,Warrior,1,WarriorMapSprite,ColhoPortrait
Liszt,20,7,1,6,7,5,10,6,0,0,1,0,0,0,0,0,0,0,0,0,RankC,RankB,RankC,RankC,None,None,None,None,None,None,100,100,100,100,100,100,100,100,100,100,GenderMale,None,None,None,General,1,GeneralMapSprite,LisztPortrait
Paulus,18,9,5,8,9,5,8,8,1,0,1,0,0,0,0,0,0,0,0,0,RankC,RankC,RankA,RankC,RankA,RankC,RankB,RankA,None,None,100,100,100,100,100,100,100,100,100,100,GenderMale,None,Skill2Nihil,None,Baron,4,BaronMapSprite,PaulusPortrait
Baldach,22,8,2,7,8,5,12,11,1,5,1,0,0,0,0,0,0,0,0,0,RankC,RankA,RankB,RankC,None,None,None,None,None,None,100,100,100,100,100,100,100,100,100,100,GenderMale,None,Skill2Accost,None,General,3,GeneralMapSprite,BaldachPortrait
ThraciaArmoredLance,-AutolevelScheme1,3,0,4,5,1,2,5,0,0,0,0,0,0,0,0,0,0,0,0,None,None,None,None,None,None,None,None,None,None,100,100,100,100,100,100,100,100,100,100,GenderMale,None,None,None,ArmoredLance,0,ArmoredLanceMapSprite,Armor1Portrait
LeonsterLanceKnight,-AutolevelScheme3,3,0,4,5,1,2,5,0,0,0,0,0,0,0,0,0,0,0,0,None,None,None,None,None,None,None,None,None,None,100,100,100,100,100,100,100,100,100,100,GenderMale,None,None,None,LanceKnight,0,LanceKnightMapSprite,Knight2Portrait
LeonsterBowKnight,-AutolevelScheme3,3,0,4,5,1,2,5,0,0,0,0,0,0,0,0,0,0,0,0,None,None,None,None,None,None,None,None,None,None,100,100,100,100,100,100,100,100,100,100,GenderMale,None,None,None,BowKnight,0,BowKnightMapSprite,BowKnight1Portrait
Arion,33,10,6,13,10,10,5,13,1,5,5,0,0,0,0,0,0,0,0,0,RankA,RankA,None,None,None,None,None,None,None,None,100,100,100,100,100,100,100,100,100,100,GenderMale,None,Skill2Adept | Skill2Anchor | Skill2Nihil | Skill2Charm,Skill3Immortal,DragonMaster,3,DragonMasterMapSprite,ArionPortrait
McCloy,14,6,0,11,5,3,6,5,0,0,1,0,0,0,0,0,0,0,0,0,RankD,RankB,None,None,None,None,None,None,None,None,100,200,100,100,100,100,100,100,100,100,GenderMale,None,None,None,Dracoknight,1,DracoknightMapSprite,McCloyPortrait
Codha,14,2,4,7,7,4,6,11,0,0,1,0,0,0,0,0,0,0,0,0,None,None,None,None,RankE,RankE,RankE,RankD,None,RankE,100,100,100,100,100,100,100,100,100,100,GenderMale,None,None,None,DarkBishop,1,DarkBishopMapSprite,CodhaPortrait
LoptrianSorcerer1,-AutolevelScheme4,20,6,20,20,20,5,12,3,0,0,0,0,0,0,0,0,0,0,0,None,None,None,None,None,None,None,None,None,None,100,100,100,100,100,100,100,100,100,100,GenderMale,None,None,None,Sorcerer,0,SorcererMapSprite,Mage7Portrait
Civilian1,10,0,0,0,0,0,5,0,2,0,0,0,0,0,0,0,0,0,0,0,None,None,None,None,None,None,None,None,None,None,100,100,100,100,100,100,100,100,100,100,GenderFemale,None,None,None,Civilian,0,CivilianFMapSprite,NPCGirl2Portrait
ThiefEnemy1,-AutolevelScheme1,0,0,0,0,0,5,0,2,0,0,0,0,0,0,0,0,0,0,0,None,None,None,None,None,None,None,None,None,None,100,100,100,100,100,100,100,100,100,100,GenderFemale,None,None,None,Thief,0,ThiefMapSprite,Thief3Portrait
MunsterSniper,-AutolevelScheme3,0,0,0,0,0,5,0,2,0,0,0,0,0,0,0,0,0,0,0,None,None,None,None,None,None,None,None,None,None,100,100,100,100,100,100,100,100,100,100,GenderFemale,None,None,None,Sniper,0,SniperMapSprite,Archer2Portrait
HeroEnemy,-AutolevelScheme3,0,0,0,0,0,5,0,2,0,0,0,0,0,0,0,0,0,0,0,None,None,None,None,None,None,None,None,None,None,100,100,100,100,100,100,100,100,100,100,GenderFemale,None,None,None,Hero,0,HeroMapSprite,Myrmidon9Portrait
PriestEnemy,-AutolevelScheme2,0,0,0,0,0,5,0,2,0,0,0,0,0,0,0,0,0,0,0,None,None,None,None,None,None,None,None,None,None,100,100,100,100,100,100,100,100,100,100,GenderFemale,None,None,None,Priestess,0,PriestessMapSprite,Priest4Portrait
MercenaryMyrmidon2,-AutolevelScheme3,0,0,0,0,0,5,0,2,0,0,0,0,0,0,0,0,0,0,0,None,None,None,None,None,None,None,None,None,None,100,100,100,100,100,100,100,100,100,100,GenderMale,None,None,None,Myrmidon,0,MyrmidonMapSprite,Myrmidon1Portrait
Friege21stBallista,-AutolevelScheme9,0,0,0,0,0,5,0,2,0,0,0,0,0,0,0,0,0,0,0,None,None,None,None,None,None,None,None,None,None,100,100,100,100,100,100,100,100,100,100,GenderMale,None,None,None,IronBallistician,0,IronBallisticianMapSprite,Ballistician2Portrait
Asaello,14,6,3,8,6,7,2,7,1,0,5,80,60,5,50,60,25,20,50,2,None,None,None,RankA,None,None,None,None,None,None,100,100,100,100,100,100,100,100,100,100,GenderMale,None,Skill2Accost,None,Sniper,0,SniperMapSprite,AsaelloPortrait
Brook,20,10,4,9,8,6,9,12,0,0,1,0,0,0,0,0,0,0,0,0,RankB,RankA,RankD,RankA,None,None,None,None,None,None,100,100,100,100,100,100,100,100,100,100,GenderMale,None,None,None,General,2,GeneralMapSprite,BrookPortrait
SilessePegasusRider1,-AutolevelScheme3,0,0,0,0,0,5,0,2,0,0,0,0,0,0,0,0,0,0,0,None,None,None,None,None,None,None,None,None,None,100,100,100,100,100,100,100,100,100,100,GenderMale,None,None,None,PegasusRider,0,PegasusRiderMapSprite,PegasusKnight2Portrait
Nicolov,28,8,3,7,6,3,13,13,0,0,1,0,0,0,0,0,0,0,0,0,RankA,RankA,RankA,RankA,None,None,None,None,None,None,100,100,100,100,100,100,100,100,100,100,GenderMale,None,None,None,General,5,GeneralMapSprite,NicolovPortrait
Moore,20,3,8,8,9,4,7,8,0,15,1,0,0,0,0,0,0,0,0,0,None,None,None,None,RankA,None,None,None,None,RankA,100,100,100,100,100,100,100,100,100,100,GenderMale,None,None,None,DarkBishop,0,DarkBishopMapSprite,MoorePortrait
Muller,22,10,7,10,9,6,8,11,0,0,1,0,0,0,0,0,0,0,0,0,RankA,None,None,None,None,RankE,RankA,RankD,None,None,100,100,100,100,100,100,100,100,100,100,GenderMale,None,None,Skill3Wrath,MageKnight,3,MageKnightMapSprite,MullerPortrait
Reinkoch,21,4,3,7,4,4,3,5,0,0,1,0,0,0,0,0,0,0,0,0,None,None,None,None,RankA,RankE,RankD,RankD,None,None,100,100,100,100,100,100,100,100,100,100,GenderMale,None,Skill2Charm,None,DarkBishop,2,DarkBishopMapSprite,ReinkochPortrait
Palman,20,9,2,8,8,6,9,8,0,0,1,0,0,0,0,0,0,0,0,0,RankB,RankD,RankD,RankE,None,None,None,None,None,None,100,100,100,100,100,100,100,100,100,100,GenderMale,None,None,None,General,2,GeneralMapSprite,PalmanPortrait
Kant,12,9,3,6,3,4,3,2,0,0,1,0,0,0,0,0,0,0,0,0,None,None,None,None,None,RankA,RankE,None,None,None,100,100,100,100,100,100,100,100,100,100,GenderMale,None,None,None,Bishop,1,BishopMapSprite,KantPortrait
Gustav,34,8,10,10,9,8,11,10,1,5,3,0,0,0,0,0,0,0,0,0,None,RankA,None,None,RankA,RankD,RankA,None,None,None,100,100,100,100,100,100,100,100,100,100,GenderMale,None,Skill2Vantage,None,Baron,3,BaronMapSprite,GustavPortrait
DancerEnemy,-AutolevelScheme1,0,0,0,0,0,5,0,2,0,0,0,0,0,0,0,0,0,0,0,None,None,None,None,None,None,None,None,None,None,100,100,100,100,100,100,100,100,100,100,GenderFemale,None,None,None,Dancer,0,DancerMapSprite,Dancer1Portrait
Rilke,20,6,4,14,8,5,4,14,0,20,1,0,0,0,0,0,0,0,0,0,None,None,None,RankA,None,None,None,None,None,None,100,100,100,100,100,100,100,100,100,100,GenderMale,None,Skill2Miracle,None,IronBallistician,1,IronBallisticianMapSprite,BossUnknown4Portrait
Mannheim,24,10,4,8,11,5,8,10,0,0,1,0,0,0,0,0,0,0,0,0,None,None,RankA,None,None,None,None,None,None,None,100,100,100,100,100,100,100,100,100,100,GenderMale,None,Skill2Vantage | Skill2Accost,None,GreatKnight,2,GreatKnightMapSprite,MannheimPortrait
Fraus,24,4,10,7,2,5,7,10,0,0,1,0,0,0,0,0,0,0,0,0,None,None,None,None,RankA,RankA,RankA,RankA,None,None,100,100,100,100,100,100,100,100,100,100,GenderMale,None,None,Skill3Wrath,Sage,3,SageMapSprite,FrausPortrait
Seimetz,24,8,4,6,7,6,9,14,0,0,1,48,15,5,12,13,15,14,14,0,None,RankA,None,None,None,None,None,None,None,None,100,100,100,100,100,100,100,100,100,100,GenderMale,None,Skill2Adept | Skill2Miracle | Skill2Nihil,None,Dracoknight,1,DracoknightMapSprite,SeimetzPortrait
Zaun,26,10,6,10,8,7,11,12,0,0,1,0,0,0,0,0,0,0,0,0,RankA,RankE,RankA,RankD,RankA,None,None,RankA,None,None,100,100,100,100,100,100,100,100,100,100,GenderMale,None,None,None,Baron,2,BaronMapSprite,ZaunPortrait
Cohen,20,2,9,10,5,0,4,7,0,5,1,0,0,0,0,0,0,0,0,0,None,RankA,None,None,RankA,RankA,None,RankA,None,None,100,100,100,100,100,100,100,100,100,100,GenderMale,None,Skill2Miracle,None,Baron,4,BaronMapSprite,CohenPortrait
Alphand,26,4,8,9,9,6,7,13,0,10,1,0,0,0,0,0,0,0,0,0,None,None,None,None,RankD,RankC,None,None,None,RankA,100,100,100,100,100,100,100,100,100,100,GenderMale,None,None,None,DarkBishop,2,DarkBishopMapSprite,AlphandPortrait
Daisy,11,2,3,5,3,2,1,7,0,15,3,50,30,15,50,60,15,10,80,5,RankD,None,None,None,None,None,None,None,None,None,100,100,100,100,100,100,100,100,100,100,GenderFemale,None,Skill2Miracle,None,RogueF,0,RogueFMapSprite,DaisyPortrait
Faden,42,11,11,9,12,12,8,16,3,0,1,0,0,0,0,0,0,0,0,0,RankA,RankA,None,None,None,None,None,None,None,None,100,100,100,100,100,100,100,100,100,100,GenderMale,None,Skill2Nihil | Skill2Pavise,None,Paladin,4,PaladinMapSprite,FadenPortrait
Coulter,24,9,4,10,9,7,9,9,0,0,1,0,0,0,0,0,0,0,0,0,None,RankA,None,None,None,None,None,None,None,None,100,100,100,100,100,100,100,100,100,100,GenderMale,None,None,Skill3Wrath,Dracoknight,1,DracoknightMapSprite,CoulterPortrait
Reinhardt,44,14,20,10,10,12,9,18,1,0,2,0,0,0,0,0,0,0,0,0,RankA,None,None,None,None,RankB,RankA,RankC,None,None,100,100,100,100,100,100,100,100,100,100,GenderMale,None,Skill2Adept | Skill2Vantage | Skill2Accost | Skill2Pavise,None,MageKnight,5,MageKnightMapSprite,ReinhardtPortrait
RaydrikChp24,50,8,7,11,8,5,20,7,1,5,0,40,10,3,10,10,5,5,20,0,RankA,RankA,RankA,RankA,RankA,RankA,RankA,RankA,None,None,100,100,100,100,100,100,100,100,100,100,GenderMale,None,Skill2Adept,None,Baron,5,BaronMapSprite,RaydrikPortrait
TahraCivilian1,10,0,0,0,0,0,2,0,2,0,0,0,0,0,0,0,0,0,0,0,None,None,None,None,RankC,RankE,None,RankA,RankD,None,100,100,100,100,100,100,100,100,100,100,GenderFemale,None,None,None,Civilian,0,CivilianMapSprite,NPCMan7Portrait
TahraCivilian2,10,0,0,0,0,0,2,0,2,0,0,0,0,0,0,0,0,0,0,0,None,None,None,None,RankC,RankE,None,RankA,RankD,None,100,100,100,100,100,100,100,100,100,100,GenderFemale,None,None,None,Civilian,0,CivilianFMapSprite,NPCWoman3Portrait
TahraCivilian3,10,0,0,0,0,0,2,0,2,0,0,0,0,0,0,0,0,0,0,0,None,None,None,None,RankC,RankE,None,RankA,RankD,None,100,100,100,100,100,100,100,100,100,100,GenderFemale,None,None,None,Civilian,0,CivilianFMapSprite,NPCWoman2Portrait
TahraCivilian4,10,0,0,0,0,0,2,0,2,0,0,0,0,0,0,0,0,0,0,0,None,None,None,None,RankC,RankE,None,RankA,RankD,None,100,100,100,100,100,100,100,100,100,100,GenderFemale,None,None,None,Civilian,0,CivilianFMapSprite,NPCGirl4Portrait
TahraCivilian5,10,0,0,0,0,0,2,0,2,0,0,0,0,0,0,0,0,0,0,0,None,None,None,None,RankC,RankE,None,RankA,RankD,None,100,100,100,100,100,100,100,100,100,100,GenderFemale,None,None,None,Civilian,0,CivilianMapSprite,NPCMan12Portrait
TahraCivilian6,10,0,0,0,0,0,2,0,2,0,0,0,0,0,0,0,0,0,0,0,None,None,None,None,RankC,RankE,None,RankA,RankD,None,100,100,100,100,100,100,100,100,100,100,GenderFemale,None,None,None,Civilian,0,CivilianMapSprite,NPCMan11Portrait
MercenaryMyrmidon3,-AutolevelScheme3,0,0,0,0,0,2,0,2,0,0,0,0,0,0,0,0,0,0,0,None,None,None,None,RankC,RankE,None,RankA,RankD,None,100,100,100,100,100,100,100,100,100,100,GenderMale,None,None,None,Myrmidon,0,MyrmidonMapSprite,Myrmidon1Portrait
FriegeBallista1,-AutolevelScheme9,0,0,0,0,0,0,0,0,0,0,0,0,0,0,0,0,0,0,0,None,None,None,None,None,None,None,None,None,None,100,100,100,100,100,100,100,100,100,100,GenderMale,None,None,None,Ballistician,0,BallisticianMapSprite,Ballistician1Portrait
FriegeCavalier1,-AutolevelScheme1,0,0,0,0,0,0,0,0,0,0,0,0,0,0,0,0,0,0,0,None,None,None,None,None,None,None,None,None,None,100,100,100,100,100,100,100,100,100,100,GenderMale,None,None,None,Cavalier,0,CavalierMapSprite,Knight1Portrait
FriegeTroubadour1,-AutolevelScheme1,0,0,0,0,0,0,0,0,0,0,0,0,0,0,0,0,0,0,0,None,None,None,None,None,None,None,None,None,None,100,100,100,100,100,100,100,100,100,100,GenderMale,None,None,None,Troubadour,0,TroubadourMapSprite,MagicKnight2Portrait
FriegeArmoredBow1,-AutolevelScheme1,0,0,0,0,0,0,0,0,0,0,0,0,0,0,0,0,0,0,0,None,None,None,None,None,None,None,None,None,None,100,100,100,100,100,100,100,100,100,100,GenderMale,None,None,None,ArmoredBow,0,ArmoredBowMapSprite,Armor3Portrait
FriegeArmoredLance1,-AutolevelScheme1,0,0,0,0,0,0,0,0,0,0,0,0,0,0,0,0,0,0,0,None,None,None,None,None,None,None,None,None,None,100,100,100,100,100,100,100,100,100,100,GenderMale,None,None,None,ArmoredLance,0,ArmoredLanceMapSprite,Armor1Portrait
FriegeArmoredAxe1,-AutolevelScheme1,0,0,0,0,0,0,0,0,0,0,0,0,0,0,0,0,0,0,0,None,None,None,None,None,None,None,None,None,None,100,100,100,100,100,100,100,100,100,100,GenderMale,None,None,None,ArmoredAxe,0,ArmoredAxeMapSprite,Armor2Portrait
FriegeArcher,-AutolevelScheme1,0,0,0,0,0,0,0,0,0,0,0,0,0,0,0,0,0,0,0,None,None,None,None,None,None,None,None,None,None,100,100,100,100,100,100,100,100,100,100,GenderMale,None,None,None,ArcherEnemy,0,ArcherEnemyMapSprite,Archer6Portrait
FriegeMage1,-AutolevelScheme2,0,0,0,0,0,0,0,0,0,0,0,0,0,0,0,0,0,0,0,None,None,None,None,None,None,None,None,None,None,100,100,100,100,100,100,100,100,100,100,GenderMale,None,None,None,ThunderMage,0,ThunderMageMapSprite,Mage3Portrait
Beatrice,25,7,6,10,9,6,5,13,0,0,1,0,0,0,0,0,0,0,0,0,RankC,RankD,None,None,None,None,None,None,None,None,100,100,100,100,100,100,100,100,100,100,GenderFemale,None,Skill2Accost,None,DracoknightF,2,DracoknightFMapSprite,Priestess1Portrait
MunsterArmoredLance,-AutolevelScheme1,3,0,4,5,1,2,5,0,0,0,0,0,0,0,0,0,0,0,0,None,None,None,None,None,None,None,None,None,None,100,100,100,100,100,100,100,100,100,100,GenderMale,None,None,None,ArmoredLance,0,ArmoredLanceMapSprite,Armor1Portrait
Civilian2,10,0,0,0,0,0,0,0,2,0,0,0,0,0,0,0,0,0,0,0,None,None,None,None,None,None,None,None,None,None,100,100,100,100,100,100,100,100,100,100,GenderMale,Skill1Noncombatant,None,None,Civilian,0,CivilianMapSprite,NPCMan7Portrait
Civilian3,10,0,0,0,0,0,0,0,2,0,0,0,0,0,0,0,0,0,0,0,None,None,None,None,None,None,None,None,None,None,100,100,100,100,100,100,100,100,100,100,GenderMale,Skill1Noncombatant,None,None,Civilian,0,CivilianFMapSprite,NPCWoman2Portrait
Civilian4,10,0,0,0,0,0,0,0,2,0,0,0,0,0,0,0,0,0,0,0,None,None,None,None,None,None,None,None,None,None,100,100,100,100,100,100,100,100,100,100,GenderFemale,Skill1Noncombatant,None,None,Civilian,0,CivilianFMapSprite,NPCGirl2Portrait
Civilian5,10,0,0,0,0,0,0,0,2,0,0,0,0,0,0,0,0,0,0,0,None,None,None,None,None,None,None,None,None,None,100,100,100,100,100,100,100,100,100,100,GenderFemale,Skill1Noncombatant,None,None,Civilian,0,ChildFMapSprite,NPCGirl1Portrait
Civilian6,10,0,0,0,0,0,0,0,2,0,0,0,0,0,0,0,0,0,0,0,None,None,None,None,None,None,None,None,None,None,100,100,100,100,100,100,100,100,100,100,GenderFemale,Skill1Noncombatant,None,None,Civilian,0,CivilianMapSprite,NPCMan8Portrait
Civilian7,10,0,0,0,0,0,0,0,2,0,0,0,0,0,0,0,0,0,0,0,None,None,None,None,None,None,None,None,None,None,100,100,100,100,100,100,100,100,100,100,GenderMale,Skill1Noncombatant,None,None,Civilian,0,CivilianFMapSprite,NPCWoman1Portrait
MunsterMage1,-AutolevelScheme2,0,0,0,0,0,2,0,2,0,0,0,0,0,0,0,0,0,0,0,RankC,None,None,None,None,None,None,None,None,None,100,100,100,100,100,100,100,100,100,100,GenderMale,None,None,None,ThunderMage,0,ThunderMageMapSprite,Mage3Portrait
MunsterPriest1,-AutolevelScheme2,0,0,0,0,0,5,0,2,0,0,0,0,0,0,0,0,0,0,0,None,None,None,None,None,None,None,None,None,None,100,100,100,100,100,100,100,100,100,100,GenderFemale,None,None,None,Priest,0,PriestMapSprite,Priest1Portrait
Julius,30,10,5,3,2,0,2,9,0,5,2,0,0,0,0,0,0,0,0,0,None,None,None,None,RankA,RankA,None,None,None,RankA,100,100,100,100,100,100,100,100,100,100,GenderMale,None,Skill2Accost | Skill2Nihil,Skill3Wrath,DarkPrince,0,DarkPrinceMapSprite,JuliusPortrait
Manfroy,50,7,20,20,20,20,10,6,1,5,3,0,0,0,0,0,0,0,0,0,None,None,None,None,RankA,RankA,RankA,RankA,None,RankA,100,100,100,100,100,100,100,100,100,100,GenderMale,None,Skill2Charm | Skill2Adept,None,DarkBishop,0,DarkBishopMapSprite,ManfroyPortrait
MunsterMage2,-AutolevelScheme2,0,0,0,0,0,5,0,2,0,0,0,0,0,0,0,0,0,0,0,None,None,None,None,None,None,None,None,None,None,100,100,100,100,100,100,100,100,100,100,GenderFemale,None,None,None,ThunderMage,0,ThunderMageMapSprite,Mage3Portrait
MunsterMyrmidon,-AutolevelScheme1,0,0,0,0,0,5,0,2,0,0,0,0,0,0,0,0,0,0,0,None,None,None,None,None,None,None,None,None,None,100,100,100,100,100,100,100,100,100,100,GenderMale,None,None,None,Myrmidon,0,MyrmidonMapSprite,Myrmidon1Portrait
PitfighterHero,-AutolevelScheme3,0,0,0,0,0,5,0,2,0,0,0,0,0,0,0,0,0,0,0,None,None,None,None,None,None,None,None,None,None,100,100,100,100,100,100,100,100,100,100,GenderMale,None,None,None,Hero,0,HeroMapSprite,Myrmidon9Portrait
PitfighterWarrior,-AutolevelScheme3,0,0,0,0,0,5,0,2,0,0,0,0,0,0,0,0,0,0,0,None,None,None,None,None,None,None,None,None,None,100,100,100,100,100,100,100,100,100,100,GenderMale,None,None,None,Warrior,0,WarriorMapSprite,Fighter1Portrait
PitfighterGeneral,-AutolevelScheme3,0,0,0,0,0,5,0,2,0,0,0,0,0,0,0,0,0,0,0,None,None,None,None,None,None,None,None,None,None,100,100,100,100,100,100,100,100,100,100,GenderMale,None,None,None,General,0,GeneralMapSprite,General1Portrait
PitfighterSwordmaster,-AutolevelScheme3,0,0,0,0,0,5,0,2,0,0,0,0,0,0,0,0,0,0,0,None,None,None,None,None,None,None,None,None,None,100,100,100,100,100,100,100,100,100,100,GenderMale,None,None,None,Swordmaster,0,SwordmasterMapSprite,Myrmidon2Portrait
PitfighterBerserker,-AutolevelScheme3,0,0,0,0,0,5,0,2,0,0,0,0,0,0,0,0,0,0,0,None,None,None,None,None,None,None,None,None,None,100,100,100,100,100,100,100,100,100,100,GenderMale,None,None,None,Berserker,0,BerserkerMapSprite,Brigand1Portrait
MunsterPriest2,-AutolevelScheme2,0,0,0,0,0,5,0,2,0,0,0,0,0,0,0,0,0,0,0,None,None,None,None,None,None,None,None,None,None,100,100,100,100,100,100,100,100,100,100,GenderMale,None,None,None,Priest,0,PriestMapSprite,Priest1Portrait
Bandole,5,1,1,5,4,3,4,6,0,0,1,0,0,0,0,0,0,0,0,0,RankC,None,RankE,RankE,None,None,None,None,None,None,100,100,100,100,100,100,100,100,100,100,GenderMale,None,None,None,General,1,GeneralMapSprite,BandolePortrait
LoptrianDancer,40,8,11,14,17,8,4,20,1,5,0,0,0,0,0,0,0,0,0,0,RankA,None,None,None,RankA,None,None,None,None,None,100,100,100,100,100,100,100,100,100,100,GenderMale,None,Skill2Miracle,None,Dancer,0,DancerMapSprite,Dancer1Portrait
Tolman,10,3,2,9,5,2,5,5,0,0,1,0,0,0,0,0,0,0,0,0,RankB,None,None,RankC,None,None,None,None,None,None,100,100,100,100,100,100,100,100,100,100,GenderMale,None,None,None,General,2,GeneralMapSprite,TolmanPortrait
LoptrianSoldier,40,17,4,17,0,9,20,7,1,0,0,0,0,0,0,0,0,0,0,0,None,RankA,None,None,None,None,None,None,None,None,100,100,100,100,100,100,100,100,100,100,GenderMale,None,Skill2Vantage,None,Soldier,0,SoldierMapSprite,Soldier1Portrait
BanditBerserker,-AutolevelScheme3,1,0,2,3,1,1,2,0,0,0,0,0,0,0,0,0,0,0,0,None,None,None,None,None,None,None,None,None,None,100,100,100,100,100,100,100,100,100,100,GenderMale,None,None,None,Berserker,0,BerserkerMapSprite,Brigand1Portrait
MercenarySwordKnight,-AutolevelScheme1,1,0,2,3,1,1,2,0,0,0,0,0,0,0,0,0,0,0,0,None,None,None,None,None,None,None,None,None,None,100,100,100,100,100,100,100,100,100,100,GenderMale,None,None,None,SwordKnight,0,SwordKnightMapSprite,MagicKnight1Portrait
MagiSquadMyrmidon1,-AutolevelScheme1,1,0,2,3,1,1,2,0,0,0,0,0,0,0,0,0,0,0,0,None,None,None,None,None,None,None,None,None,None,100,100,100,100,100,100,100,100,100,100,GenderFemale,None,None,None,MyrmidonF,0,MyrmidonFMapSprite,Myrmidon5Portrait
MagiSquadFighter,-AutolevelScheme1,1,0,2,3,1,1,2,0,0,0,0,0,0,0,0,0,0,0,0,None,None,None,None,None,None,None,None,None,None,100,100,100,100,100,100,100,100,100,100,GenderMale,None,None,None,Fighter,0,FighterMapSprite,Fighter2Portrait
MagiSquadArcher,-AutolevelScheme1,1,0,2,3,1,1,2,0,0,0,0,0,0,0,0,0,0,0,0,None,None,None,None,None,None,None,None,None,None,100,100,100,100,100,100,100,100,100,100,GenderMale,None,None,None,Archer,0,ArcherMapSprite,Archer1Portrait
MagiSquadMyrmidon2,-AutolevelScheme1,1,0,2,3,1,1,2,0,0,0,0,0,0,0,0,0,0,0,0,None,None,None,None,None,None,None,None,None,None,100,100,100,100,100,100,100,100,100,100,GenderMale,None,None,None,Myrmidon,0,MyrmidonMapSprite,Myrmidon1Portrait
Orvis,38,12,6,13,10,8,3,9,1,0,1,0,0,0,0,0,0,0,0,0,RankD,RankA,RankD,RankC,None,None,None,None,None,None,100,100,100,100,100,100,100,100,100,100,GenderMale,None,None,Skill3Paragon,General,3,GeneralMapSprite,BossUnknown1Portrait
BishopEnemy,-AutolevelScheme4,2,3,1,3,2,1,1,2,0,0,0,0,0,0,0,0,0,0,0,None,None,None,None,None,RankA,None,None,None,None,100,100,100,100,100,100,100,100,100,100,GenderMale,None,None,None,Bishop,3,BishopMapSprite,Priest2Portrait
Dvorak,10,4,0,4,6,2,5,4,0,5,1,0,0,0,0,0,0,0,0,0,None,RankA,None,None,None,None,None,None,None,None,100,100,100,100,100,100,100,100,100,100,GenderMale,None,Skill2Adept,None,Dracoknight,0,DracoknightMapSprite,DvorakPortrait
MunsterBishop2,10,1,2,2,2,4,1,3,0,0,0,0,0,0,0,0,0,0,0,0,None,None,None,None,None,RankA,None,None,None,None,100,100,100,100,100,100,100,100,100,100,GenderMale,None,None,None,Bishop,0,BishopMapSprite,Priest2Portrait
FriegeBallista2,0,6,0,0,4,3,3,2,0,0,0,0,0,0,0,0,0,0,0,0,None,None,None,None,None,None,None,None,None,None,100,100,100,100,100,100,100,100,100,100,GenderMale,None,None,None,Ballistician,0,BallisticianMapSprite,Ballistician1Portrait
BanditBrigand2,-AutolevelScheme1,6,0,0,4,3,3,2,0,0,0,0,0,0,0,0,0,0,0,0,None,None,None,None,None,None,None,None,None,None,100,100,100,100,100,100,100,100,100,100,GenderMale,Skill1Steal,None,None,BrigandAlternate,0,BrigandAlternateMapSprite,Brigand2Portrait
ThiefEnemy2,10,3,0,1,8,2,7,9,1,5,0,0,0,0,0,0,0,0,0,0,None,None,None,None,None,None,None,None,None,None,100,100,100,100,100,100,100,100,100,100,GenderMale,None,None,None,Thief,0,ThiefMapSprite,Thief3Portrait
ArcherEnemy1,-AutolevelScheme1,0,0,0,0,0,0,0,1,0,0,0,0,0,0,0,0,0,0,0,None,None,None,None,None,None,None,None,None,None,100,100,100,100,100,100,100,100,100,100,GenderMale,None,None,None,ArcherF,0,ArcherFMapSprite,Archer4Portrait
FriegeBishop1,-AutolevelScheme4,0,0,0,0,0,0,0,1,0,0,0,0,0,0,0,0,0,0,0,None,None,None,None,None,None,None,None,None,None,100,100,100,100,100,100,100,100,100,100,GenderMale,None,None,None,Bishop,2,BishopMapSprite,Priest2Portrait
FriegeArmoredLance2,-AutolevelScheme1,0,0,0,0,0,0,0,1,0,0,0,0,0,0,0,0,0,0,0,None,None,None,None,None,None,None,None,None,None,100,100,100,100,100,100,100,100,100,100,GenderMale,None,None,None,ArmoredLance,0,ArmoredLanceMapSprite,Armor1Portrait
FriegeArmoredBow2,-AutolevelScheme1,0,0,0,0,0,0,0,1,0,0,0,0,0,0,0,0,0,0,0,None,None,None,None,None,None,None,None,None,None,100,100,100,100,100,100,100,100,100,100,GenderMale,None,None,None,ArmoredBow,0,ArmoredBowMapSprite,Armor3Portrait
FriegeMage2,-AutolevelScheme2,0,0,0,0,0,0,0,1,0,0,0,0,0,0,0,0,0,0,0,None,None,None,None,None,None,None,None,None,None,100,100,100,100,100,100,100,100,100,100,GenderMale,None,None,None,ThunderMage,0,ThunderMageMapSprite,Mage1Portrait
LeonsterBallista,-AutolevelScheme9,9,3,4,5,6,7,8,1,5,0,0,0,0,0,0,0,0,0,0,None,None,None,RankA,None,None,None,None,None,None,100,100,100,100,100,100,100,100,100,100,GenderMale,None,None,None,Ballistician,0,BallisticianMapSprite,Ballistician2Portrait
FriegeArmoredAxe2,-AutolevelScheme1,0,0,0,0,0,0,0,1,0,0,0,0,0,0,0,0,0,0,0,None,None,None,None,None,None,None,None,None,None,100,100,100,100,100,100,100,100,100,100,GenderMale,None,None,None,ArmoredAxe,0,ArmoredAxeMapSprite,Armor2Portrait
Eichner,18,8,0,8,8,6,8,16,0,10,2,0,0,0,0,0,0,0,0,0,RankC,None,RankB,None,None,None,None,None,None,None,100,100,100,100,100,100,100,100,100,100,GenderMale,None,Skill2Adept,Skill3Sol,Hero,0,HeroMapSprite,EichnerPortrait
Seil,26,12,2,10,10,7,10,9,0,0,1,0,0,0,0,0,0,0,0,0,None,None,RankB,RankD,None,None,None,None,None,None,100,100,100,100,100,100,100,100,100,100,GenderMale,None,None,None,Warrior,1,WarriorMapSprite,SeilPortrait
ArmoredSwordEnemy1,-AutolevelScheme1,12,2,10,10,7,10,9,0,0,0,0,0,0,0,0,0,0,0,0,None,None,RankB,RankD,None,None,None,None,None,None,100,100,100,100,100,100,100,100,100,100,GenderMale,None,None,None,ArmoredSword,0,ArmoredSwordMapSprite,Armor4Portrait
SoldierEnemy,-AutolevelScheme1,12,2,10,10,7,10,9,0,0,0,0,0,0,0,0,0,0,0,0,None,None,RankB,RankD,None,None,None,None,None,None,100,100,100,100,100,100,100,100,100,100,GenderMale,None,None,None,Soldier,0,SoldierMapSprite,Soldier1Portrait
FriegeBallista3,0,6,3,0,1,0,2,2,0,0,0,0,0,0,0,0,0,0,0,0,None,None,None,RankD,None,None,None,None,None,None,100,100,100,100,100,100,100,100,100,100,GenderMale,None,None,None,Ballistician,0,BallisticianMapSprite,Ballistician1Portrait
Ilios,20,8,6,8,10,6,2,14,0,5,0,60,40,30,55,50,20,15,50,1,RankB,None,None,None,None,None,RankC,RankE+10,None,None,100,100,100,100,100,100,100,100,100,100,GenderMale,None,Skill2Miracle,Skill3Sol,MageKnight,3,MageKnightMapSprite,Ilios2Portrait
SilessePegasusRider2,-AutolevelScheme3,8,6,8,10,6,0,14,0,0,0,0,0,0,0,0,0,0,0,0,RankD,RankB,None,None,None,None,None,None,None,None,100,100,100,100,100,100,100,100,100,100,GenderFemale,None,None,None,PegasusRider,0,PegasusRiderMapSprite,PegasusKnight2Portrait
FriegeMageKnight1,-AutolevelScheme4,8,6,8,10,6,0,14,0,0,0,0,0,0,0,0,0,0,0,0,RankD,RankB,None,None,None,None,None,None,None,None,100,100,100,100,100,100,100,100,100,100,GenderFemale,None,None,None,MageKnight,0,MageKnightMapSprite,MagicKnight4Portrait
FriegeSage,-AutolevelScheme4,8,6,8,10,6,0,14,0,0,0,0,0,0,0,0,0,0,0,0,RankD,RankB,None,None,None,None,None,None,None,None,100,100,100,100,100,100,100,100,100,100,GenderMale,None,None,None,Sage,0,SageMapSprite,MagicSword2Portrait
FriegeGreatKnight,-AutolevelScheme3,8,6,8,10,6,0,14,0,0,0,0,0,0,0,0,0,0,0,0,RankD,RankB,None,None,None,None,None,None,None,None,100,100,100,100,100,100,100,100,100,100,GenderMale,None,None,None,GreatKnight,0,GreatKnightMapSprite,AxeKnight2Portrait
ArchKnightEnemy,-AutolevelScheme3,8,6,8,10,6,0,14,0,0,0,0,0,0,0,0,0,0,0,0,RankD,RankB,None,None,None,None,None,None,None,None,100,100,100,100,100,100,100,100,100,100,GenderMale,None,None,None,ArchKnight,0,ArchKnightMapSprite,BowKnight2Portrait
ArmoredSwordEnemy2,-AutolevelScheme1,8,6,8,10,6,0,14,0,0,0,0,0,0,0,0,0,0,0,0,RankD,RankB,None,None,None,None,None,None,None,None,100,100,100,100,100,100,100,100,100,100,GenderMale,None,None,None,ArmoredSword,0,ArmoredSwordMapSprite,Armor4Portrait
FriegeSoldier1,-AutolevelScheme1,8,6,8,10,6,0,14,0,0,0,0,0,0,0,0,0,0,0,0,RankD,RankB,None,None,None,None,None,None,None,None,100,100,100,100,100,100,100,100,100,100,GenderMale,None,None,None,Soldier,0,SoldierMapSprite,Soldier1Portrait
FriegeBowKnight1,-AutolevelScheme1,0,0,0,0,0,2,0,2,0,0,0,0,0,0,0,0,0,0,0,RankC,None,None,None,None,None,None,None,None,None,100,100,100,100,100,100,100,100,100,100,GenderMale,None,None,None,BowKnight,0,BowKnightMapSprite,BowKnight1Portrait
FriegeTroubadour2,-AutolevelScheme1,0,0,0,0,0,2,0,2,0,0,0,0,0,0,0,0,0,0,0,RankC,None,None,None,None,None,None,None,None,None,100,100,100,100,100,100,100,100,100,100,GenderMale,None,None,None,Troubadour,0,TroubadourMapSprite,MagicKnight2Portrait
FriegeLanceKnight1,-AutolevelScheme1,3,0,4,5,1,2,5,0,0,0,0,0,0,0,0,0,0,0,0,None,None,None,None,None,None,None,None,None,None,100,100,100,100,100,100,100,100,100,100,GenderMale,None,None,None,LanceKnight,0,LanceKnightMapSprite,Knight2Portrait
FriegeCavalier2,-AutolevelScheme1,0,0,0,0,0,2,0,2,0,0,0,0,0,0,0,0,0,0,0,RankC,None,None,None,None,None,None,None,None,None,100,100,100,100,100,100,100,100,100,100,GenderMale,None,None,None,Cavalier,0,CavalierMapSprite,Knight1Portrait
Civilian8,10,0,0,0,0,0,2,0,2,0,0,0,0,0,0,0,0,0,0,0,RankC,None,None,None,None,None,None,None,None,None,100,100,100,100,100,100,100,100,100,100,GenderMale,None,None,None,Civilian,0,CivilianMapSprite,NPCMan8Portrait
IllusionLeif,-AutolevelScheme3,0,0,0,0,0,5,0,2,0,0,0,0,0,0,0,0,0,0,0,None,None,None,None,None,None,None,None,None,None,100,100,100,100,100,100,100,100,100,100,GenderMale,None,None,None,Hero,0,HeroMapSprite,Myrmidon9Portrait
SwordmasterEnemy,-AutolevelScheme3,0,0,0,0,0,2,0,2,0,0,0,0,0,0,0,0,0,0,0,RankC,None,None,None,None,None,None,None,None,None,100,100,100,100,100,100,100,100,100,100,GenderMale,None,Skill2Charm,Skill3Luna,Swordmaster,0,SwordmasterMapSprite,Myrmidon2Portrait
BerserkerEnemy1,-AutolevelScheme3,0,0,0,0,0,2,0,2,0,0,0,0,0,0,0,0,0,0,0,RankC,None,None,None,None,None,None,None,None,None,100,100,100,100,100,100,100,100,100,100,GenderMale,None,None,None,Berserker,0,BerserkerMapSprite,Brigand1Portrait
BerserkerEnemy2,-AutolevelScheme3,0,0,0,0,0,2,0,2,0,0,0,0,0,0,0,0,0,0,0,RankC,None,None,None,None,None,None,None,None,None,100,100,100,100,100,100,100,100,100,100,GenderMale,None,None,None,Berserker,0,BerserkerMapSprite,Brigand1Portrait
SilessePegasusRider3,-AutolevelScheme3,5,1,7,6,3,3,10,0,0,0,0,0,0,0,0,0,0,0,0,None,RankC,None,None,None,None,None,None,None,None,100,100,100,100,100,100,100,100,100,100,GenderMale,None,None,None,PegasusKnight,0,PegasusKnightMapSprite,PegasusKnight1Portrait
FriegeArmoredAxe3,22,8,4,3,2,4,6,5,0,5,0,0,0,0,0,0,0,0,0,0,None,None,RankC,None,None,None,None,None,None,None,100,100,100,100,100,100,100,100,100,100,GenderMale,None,None,None,ArmoredAxe,0,ArmoredAxeMapSprite,Armor2Portrait
FriegeArmoredSword1,25,8,3,4,3,4,5,5,0,5,0,0,0,0,0,0,0,0,0,0,RankE,None,None,None,None,None,None,None,None,None,100,100,100,100,100,100,100,100,100,100,GenderMale,None,None,None,ArmoredSword,0,ArmoredSwordMapSprite,Armor4Portrait
FriegeArmoredLance3,20,8,4,4,3,2,3,5,0,0,0,0,0,0,0,0,0,0,0,0,None,RankE,None,None,None,None,None,None,None,None,100,100,100,100,100,100,100,100,100,100,GenderMale,None,None,None,ArmoredLance,0,ArmoredLanceMapSprite,Armor1Portrait
FriegeBallista4,5,7,3,0,4,1,2,2,0,0,0,0,0,0,0,0,0,0,0,0,RankD,None,None,None,None,None,None,None,None,None,100,100,100,100,100,100,100,100,100,100,GenderMale,None,None,None,Ballistician,0,BallisticianMapSprite,Ballistician1Portrait
ArcherEnemy2,-AutolevelScheme1,0,0,0,0,0,0,0,0,0,0,0,0,0,0,0,0,0,0,0,RankD,None,None,None,None,None,None,None,None,None,100,100,100,100,100,100,100,100,100,100,GenderMale,None,None,None,Archer,0,ArcherMapSprite,Archer1Portrait
Bharat,43,12,12,13,11,7,10,10,2,0,1,40,10,3,10,10,5,5,20,0,RankA,RankE,RankD,RankA,RankD,RankA,RankD,RankE,None,None,100,100,100,100,100,100,100,100,100,100,GenderMale,None,Skill2Anchor | Skill2Nihil,Skill3Immortal,Baron,4,BaronMapSprite,BharatPortrait
IllusionMareeta,9,6,2,8,12,2,1,12,0,5,5,65,60,15,75,80,20,10,60,3,RankE+10,None,None,None,None,None,None,None,None,None,100,100,100,100,100,100,100,100,100,100,GenderFemale,None,None,Skill3Luna,MyrmidonF,0,MyrmidonFMapSprite,MareetaIllusionPortrait
Xavier,22,8,6,8,8,7,6,7,0,0,0,70,50,10,50,40,30,15,60,1,RankD,RankA,RankA,RankD,None,None,None,None,None,None,100,100,100,100,100,100,100,100,100,100,GenderMale,None,Skill2Accost | Skill2Pavise,Skill3Wrath,General,3,GeneralMapSprite,XavierPortrait
XavierArmor1,20,7,3,5,4,6,5,9,0,0,0,40,10,3,10,10,5,5,20,0,None,RankA,RankA,None,None,None,None,None,None,None,100,100,100,100,100,100,100,100,100,100,GenderMale,None,Skill2Adept | Skill2Miracle,None,ArmoredLance,0,ArmoredLanceMapSprite,SchuperMarlonPortrait
XavierArmor2,20,3,5,4,6,7,5,9,0,0,0,40,10,3,10,10,5,5,20,0,None,RankA,RankA,None,None,None,None,None,None,None,100,100,100,100,100,100,100,100,100,100,GenderMale,None,Skill2Adept | Skill2Miracle,None,ArmoredLance,0,ArmoredLanceMapSprite,FrankPortrait
XavierArmor3,20,5,4,6,7,3,5,9,0,0,0,40,10,3,10,10,5,5,20,0,None,RankA,RankA,None,None,None,None,None,None,None,100,100,100,100,100,100,100,100,100,100,GenderMale,None,Skill2Adept | Skill2Miracle,None,ArmoredLance,0,ArmoredLanceMapSprite,EichnerPortrait
XavierArmor4,20,4,6,7,3,5,5,9,0,0,0,40,10,3,10,10,5,5,20,0,None,RankA,RankA,None,None,None,None,None,None,None,100,100,100,100,100,100,100,100,100,100,GenderMale,None,Skill2Adept | Skill2Miracle,None,ArmoredLance,0,ArmoredLanceMapSprite,DvorakPortrait
XavierArmor5,20,6,7,3,5,4,5,9,0,0,0,40,10,3,10,10,5,5,20,0,None,RankA,RankA,None,None,None,None,None,None,None,100,100,100,100,100,100,100,100,100,100,GenderMale,None,Skill2Adept | Skill2Miracle,None,ArmoredAxe,0,ArmoredAxeMapSprite,Leonster3Portrait
XavierArmor6,20,7,3,5,4,6,5,9,0,0,0,40,10,3,10,10,5,5,20,0,None,RankA,RankA,None,None,None,None,None,None,None,100,100,100,100,100,100,100,100,100,100,GenderMale,None,Skill2Adept | Skill2Miracle,None,ArmoredAxe,0,ArmoredAxeMapSprite,Leonster2Portrait
XavierArmor7,20,3,5,4,6,3,5,9,0,0,0,40,10,3,10,10,5,5,20,0,None,RankA,RankA,None,None,None,None,None,None,None,100,100,100,100,100,100,100,100,100,100,GenderMale,None,Skill2Adept | Skill2Miracle,None,ArmoredAxe,0,ArmoredAxeMapSprite,Leonster4Portrait
XavierArmor8,20,5,4,6,3,5,5,9,0,0,0,40,10,3,10,10,5,5,20,0,None,RankA,RankA,None,None,None,None,None,None,None,100,100,100,100,100,100,100,100,100,100,GenderMale,None,Skill2Adept | Skill2Miracle,None,ArmoredAxe,0,ArmoredAxeMapSprite,NicholasPortrait
Civilian9,10,0,0,0,0,0,0,0,4,0,0,40,10,3,10,10,5,5,20,0,RankA,None,None,RankB,None,None,None,None,None,None,100,100,100,100,100,100,100,100,100,100,GenderFemale,None,None,None,Civilian,0,CivilianFMapSprite,NPCGirl6Portrait
Civilian10,10,0,0,0,0,0,0,0,4,0,0,40,10,3,10,10,5,5,20,0,RankA,None,None,RankB,None,None,None,None,None,None,100,100,100,100,100,100,100,100,100,100,GenderFemale,None,None,None,Civilian,0,CivilianFMapSprite,NPCWoman2Portrait
Civilian11,10,0,0,0,0,0,0,0,4,0,0,40,10,3,10,10,5,5,20,0,RankA,None,None,RankB,None,None,None,None,None,None,100,100,100,100,100,100,100,100,100,100,GenderMale,None,None,None,Civilian,0,ChildMapSprite,NPCBoy1Portrait
Civilian12,10,0,0,0,0,0,0,0,4,0,0,40,10,3,10,10,5,5,20,0,RankA,None,None,RankB,None,None,None,None,None,None,100,100,100,100,100,100,100,100,100,100,GenderMale,None,None,None,Civilian,0,CivilianFMapSprite,NPCGirl5Portrait
Civilian13,10,0,0,0,0,0,0,0,4,0,0,40,10,3,10,10,5,5,20,0,RankA,None,None,RankB,None,None,None,None,None,None,100,100,100,100,100,100,100,100,100,100,GenderMale,None,None,None,Civilian,0,CivilianFMapSprite,NPCWoman3Portrait
Civilian14,10,0,0,0,0,0,0,0,4,0,0,40,10,3,10,10,5,5,20,0,RankA,None,None,RankB,None,None,None,None,None,None,100,100,100,100,100,100,100,100,100,100,GenderMale,None,None,None,Civilian,0,CivilianMapSprite,NPCMan8Portrait
Civilian15,10,0,0,0,0,0,0,0,4,0,0,40,10,3,10,10,5,5,20,0,RankA,None,None,RankB,None,None,None,None,None,None,100,100,100,100,100,100,100,100,100,100,GenderFemale,None,None,None,Civilian,0,CivilianFMapSprite,NPCWoman1Portrait
Civilian16,10,0,0,0,0,0,0,0,4,0,0,40,10,3,10,10,5,5,20,0,RankA,None,None,RankB,None,None,None,None,None,None,100,100,100,100,100,100,100,100,100,100,GenderFemale,None,None,None,Civilian,0,ChildFMapSprite,NPCGirl1Portrait
FriegeSoldier2,-AutolevelScheme1,0,0,0,0,0,0,0,4,0,0,40,10,3,10,10,5,5,20,0,RankA,None,None,RankB,None,None,None,None,None,None,100,100,100,100,100,100,100,100,100,100,GenderMale,None,None,None,Soldier,0,SoldierMapSprite,Soldier1Portrait
LeonsterSoldier,-AutolevelScheme1,0,0,0,0,0,0,0,4,0,0,40,10,3,10,10,5,5,20,0,RankA,None,None,RankB,None,None,None,None,None,None,100,100,100,100,100,100,100,100,100,100,GenderMale,None,Skill2Adept | Skill2Miracle,None,Soldier,0,SoldierMapSprite,Soldier1Portrait
FriegeBishop2,-AutolevelScheme4,0,0,0,0,0,0,0,4,0,0,40,10,3,10,10,5,5,20,0,RankA,None,None,RankB,None,None,None,None,None,None,100,100,100,100,100,100,100,100,100,100,GenderMale,None,None,None,Bishop,0,BishopMapSprite,Priest2Portrait
ResistanceMyrmidon1,-AutolevelScheme1,0,0,0,0,0,0,0,4,0,0,40,10,3,10,10,5,5,20,0,RankA,None,None,RankB,None,None,None,None,None,None,100,100,100,100,100,100,100,100,100,100,GenderMale,None,None,None,Myrmidon,0,MyrmidonMapSprite,Myrmidon1Portrait
IllusionNanna,9,5,5,9,10,4,1,17,1,0,1,50,25,10,40,35,15,10,55,1,RankD,None,None,None,30,None,None,None,None,None,100,100,100,100,100,100,100,100,100,100,GenderFemale,None,Skill2Charm,None,TroubadourDismounted,0,KnightFDismountedMapSprite,NannaIllusionPortrait
FriegeGeneral1,-AutolevelScheme3,12,10,12,10,7,10,10,0,0,0,40,10,3,10,10,5,5,20,0,RankA,RankA,RankA,RankA,RankA,RankA,RankA,RankE,None,None,100,100,100,100,100,100,100,100,100,100,GenderMale,None,None,None,General,0,GeneralMapSprite,General1Portrait
FriegeArmoredSword2,-AutolevelScheme1,12,10,12,10,7,10,10,0,0,0,40,10,3,10,10,5,5,20,0,RankA,RankA,RankA,RankA,RankA,RankA,RankA,RankE,None,None,100,100,100,100,100,100,100,100,100,100,GenderMale,None,None,None,ArmoredSword,0,ArmoredSwordMapSprite,Armor4Portrait
FriegePriest1,-AutolevelScheme2,12,10,12,10,7,10,10,0,0,0,40,10,3,10,10,5,5,20,0,RankA,RankA,RankA,RankA,RankA,RankA,RankA,RankE,None,None,100,100,100,100,100,100,100,100,100,100,GenderMale,None,None,None,Priest,0,PriestMapSprite,Priest1Portrait
FriegeVeninBallista,-AutolevelScheme9,12,10,12,10,7,10,10,0,0,0,40,10,3,10,10,5,5,20,0,RankA,RankA,RankA,RankA,RankA,RankA,RankA,RankE,None,None,100,100,100,100,100,100,100,100,100,100,GenderMale,None,None,None,VeninBallistician,0,KillerBallisticianMapSprite,Ballistician4Portrait
ThraciaDracoknight2,24,5,2,3,2,3,3,10,0,0,0,40,10,3,10,10,5,5,20,0,RankA,RankA,RankA,RankA,RankA,RankA,RankA,RankE,None,None,100,100,100,100,100,100,100,100,100,100,GenderMale,None,Skill2Adept,None,Dracoknight,0,DracoknightMapSprite,Dracoknight2Portrait
FriegeRanger,-AutolevelScheme3,12,3,9,8,12,11,10,0,0,0,40,10,3,10,10,5,5,20,0,RankA,RankA,RankA,RankA,RankA,RankA,RankA,RankE,None,None,100,100,100,100,100,100,100,100,100,100,GenderMale,None,None,None,Ranger,0,RangerMapSprite,Knight2Portrait
FriegeAxeKnight,-AutolevelScheme1,12,3,9,8,12,11,10,0,0,0,40,10,3,10,10,5,5,20,0,RankA,RankA,RankA,RankA,RankA,RankA,RankA,RankE,None,None,100,100,100,100,100,100,100,100,100,100,GenderMale,None,None,None,AxeKnight,0,AxeKnightMapSprite,AxeKnight1Portrait
FriegeArchKnight1,-AutolevelScheme3,12,3,9,8,12,11,10,0,0,0,40,10,3,10,10,5,5,20,0,RankA,RankA,RankA,RankA,RankA,RankA,RankA,RankE,None,None,100,100,100,100,100,100,100,100,100,100,GenderMale,None,None,None,ArchKnight,0,ArchKnightMapSprite,BowKnight2Portrait
FriegePaladin1,-AutolevelScheme3,12,3,9,8,12,11,10,0,0,0,40,10,3,10,10,5,5,20,0,RankA,RankA,RankA,RankA,RankA,RankA,RankA,RankE,None,None,100,100,100,100,100,100,100,100,100,100,GenderMale,None,None,None,Paladin,0,PaladinMapSprite,Knight6Portrait
FriegeLanceKnight2,-AutolevelScheme1,12,3,9,8,12,11,10,0,0,0,40,10,3,10,10,5,5,20,0,RankA,RankA,RankA,RankA,RankA,RankA,RankA,RankE,None,None,100,100,100,100,100,100,100,100,100,100,GenderMale,None,None,None,LanceKnight,0,LanceKnightMapSprite,Knight2Portrait
FriegeSniper,-AutolevelScheme3,12,3,9,8,12,11,10,0,0,0,40,10,3,10,10,5,5,20,0,RankA,RankA,RankA,RankA,RankA,RankA,RankA,RankE,None,None,100,100,100,100,100,100,100,100,100,100,GenderMale,None,None,None,Sniper,0,SniperMapSprite,Archer2Portrait
FriegeMyrmidon,-AutolevelScheme3,12,3,9,8,12,11,10,0,0,0,40,10,3,10,10,5,5,20,0,RankA,RankA,RankA,RankA,RankA,RankA,RankA,RankE,None,None,100,100,100,100,100,100,100,100,100,100,GenderMale,None,None,None,Hero,0,HeroMapSprite,Myrmidon9Portrait
FriegeBishop3,-AutolevelScheme4,12,3,9,8,12,11,10,0,0,0,40,10,3,10,10,5,5,20,0,RankA,RankA,RankA,RankA,RankA,RankA,RankA,RankE,None,None,100,100,100,100,100,100,100,100,100,100,GenderMale,None,None,None,Bishop,0,BishopMapSprite,Priest2Portrait
FriegeTroubadour3,20,5,5,8,11,5,3,16,2,0,0,0,0,0,0,0,0,0,0,0,RankC,None,None,None,RankC,None,None,None,None,None,100,100,100,100,100,100,100,100,100,100,GenderFemale,None,Skill2Miracle,None,Troubadour,0,TroubadourMapSprite,MagicKnight2Portrait
FriegeMageKnight2,20,4,10,7,11,3,2,14,2,5,0,40,10,3,10,10,5,5,20,0,RankE,None,None,None,None,RankA,RankA,RankE,None,None,100,100,100,100,100,100,100,100,100,100,GenderFemale,None,None,None,MageKnightF,0,MageKnightFMapSprite,MagicKnight4Portrait
UlsterCavalier1,20,9,5,6,6,7,4,8,2,0,0,0,0,0,0,0,0,0,0,0,RankC,RankC,None,None,None,None,None,None,None,None,100,100,100,100,100,100,100,100,100,100,GenderMale,None,Skill2Vantage,None,Cavalier,0,CavalierMapSprite,Knight1Portrait
UlsterBowKnight,18,7,4,5,7,5,3,12,2,5,0,0,0,0,0,0,0,0,0,0,RankC,None,None,RankC,None,None,None,None,None,None,100,100,100,100,100,100,100,100,100,100,GenderMale,None,None,None,BowKnight,0,BowKnightMapSprite,BowKnight1Portrait
UlsterArchKnight,22,9,6,9,8,4,4,11,2,0,0,0,0,0,0,0,0,0,0,0,RankD,RankB,None,RankC,None,None,None,None,None,None,100,100,100,100,100,100,100,100,100,100,GenderMale,None,Skill2Charm,None,ArchKnight,0,ArchKnightMapSprite,BowKnight2Portrait
UlsterMageKnight,23,10,8,8,8,6,3,9,1,0,0,0,0,0,0,0,0,0,0,0,RankA,None,None,None,None,RankE,RankE,RankA,None,None,100,100,100,100,100,100,100,100,100,100,GenderMale,None,None,Skill3Wrath,MageKnight,0,MageKnightMapSprite,MagicKnight4Portrait
FriegePriest2,-AutolevelScheme2,12,10,12,10,7,10,10,0,0,0,40,10,3,10,10,5,5,20,0,RankA,RankA,RankA,RankA,RankA,RankA,RankA,RankE,None,None,100,100,100,100,100,100,100,100,100,100,GenderMale,None,None,None,Priest,0,PriestMapSprite,Priest1Portrait
FriegeArchKnight2,-AutolevelScheme3,12,10,12,10,7,10,10,0,0,0,40,10,3,10,10,5,5,20,0,RankA,RankA,RankA,RankA,RankA,RankA,RankA,RankE,None,None,100,100,100,100,100,100,100,100,100,100,GenderMale,None,None,None,ArchKnight,0,ArchKnightMapSprite,BowKnight2Portrait
FriegePaladin2,-AutolevelScheme3,12,10,12,10,7,10,10,0,0,0,40,10,3,10,10,5,5,20,0,RankA,RankA,RankA,RankA,RankA,RankA,RankA,RankE,None,None,100,100,100,100,100,100,100,100,100,100,GenderMale,None,None,None,Paladin,0,PaladinMapSprite,Knight6Portrait
FriegeArmoredSword3,-AutolevelScheme1,12,10,12,10,7,10,10,0,0,0,40,10,3,10,10,5,5,20,0,RankA,RankA,RankA,RankA,RankA,RankA,RankA,RankE,None,None,100,100,100,100,100,100,100,100,100,100,GenderMale,None,None,None,ArmoredSword,0,ArmoredSwordMapSprite,Armor4Portrait
FriegeBowKnight2,-AutolevelScheme1,12,10,12,10,7,10,10,0,0,0,40,10,3,10,10,5,5,20,0,RankA,RankA,RankA,RankA,RankA,RankA,RankA,RankE,None,None,100,100,100,100,100,100,100,100,100,100,GenderMale,None,None,None,BowKnight,0,BowKnightMapSprite,BowKnight1Portrait
Gelbenritter,-AutolevelScheme5,12,10,12,10,7,10,10,0,0,0,40,10,3,10,10,5,5,20,0,RankA,RankA,RankA,RankA,RankA,RankA,RankA,RankE,None,None,100,100,100,100,100,100,100,100,100,100,GenderMale,None,None,None,MageKnight,0,MageKnightMapSprite,MagicKnight4Portrait
FriegeGeneral2,-AutolevelScheme3,12,10,12,10,7,10,10,0,0,0,40,10,3,10,10,5,5,20,0,RankA,RankA,RankA,RankA,RankA,RankA,RankA,RankE,None,None,100,100,100,100,100,100,100,100,100,100,GenderMale,None,None,None,General,0,GeneralMapSprite,General1Portrait
MunsterDukeKnight,-AutolevelScheme3,12,10,12,10,7,10,10,0,0,0,40,10,3,10,10,5,5,20,0,RankA,RankA,RankA,RankA,RankA,RankA,RankA,RankE,None,None,100,100,100,100,100,100,100,100,100,100,GenderMale,None,None,None,DukeKnight,0,DukeKnightMapSprite,Knight4Portrait
MunsterArchKnight,-AutolevelScheme3,12,10,12,10,7,10,10,0,0,0,40,10,3,10,10,5,5,20,0,RankA,RankA,RankA,RankA,RankA,RankA,RankA,RankE,None,None,100,100,100,100,100,100,100,100,100,100,GenderMale,None,None,None,ArchKnight,0,ArchKnightMapSprite,BowKnight2Portrait
MunsterGreatKnight,-AutolevelScheme3,12,10,12,10,7,10,10,0,0,0,40,10,3,10,10,5,5,20,0,RankA,RankA,RankA,RankA,RankA,RankA,RankA,RankE,None,None,100,100,100,100,100,100,100,100,100,100,GenderMale,None,None,None,GreatKnight,0,GreatKnightMapSprite,AxeKnight2Portrait
ThraciaDracoknight3,21,6,3,6,5,5,5,12,0,0,0,40,10,3,10,10,5,5,20,0,RankA,RankA,RankA,RankA,RankA,RankA,RankA,RankE,None,None,100,100,100,100,100,100,100,100,100,100,GenderMale,None,None,None,Dracoknight,0,DracoknightMapSprite,Dracoknight2Portrait
Civilian17,10,0,0,0,0,0,0,0,0,0,0,40,10,3,10,10,5,5,20,0,RankA,RankA,RankA,RankA,RankA,RankA,RankA,RankE,None,None,100,100,100,100,100,100,100,100,100,100,GenderMale,Skill1Noncombatant,None,None,Civilian,0,ChildFMapSprite,NPCGirl1Portrait
Civilian18,10,0,0,0,0,0,0,0,0,0,0,40,10,3,10,10,5,5,20,0,RankA,RankA,RankA,RankA,RankA,RankA,RankA,RankE,None,None,100,100,100,100,100,100,100,100,100,100,GenderFemale,Skill1Noncombatant,None,None,Civilian,0,ChildFMapSprite,NPCGirl7Portrait
Civilian19,10,0,0,0,0,0,0,0,0,0,0,40,10,3,10,10,5,5,20,0,RankA,RankA,RankA,RankA,RankA,RankA,RankA,RankE,None,None,100,100,100,100,100,100,100,100,100,100,GenderFemale,Skill1Noncombatant,None,None,Civilian,0,ChildMapSprite,NPCBoy1Portrait
Civilian20,10,0,0,0,0,0,0,0,0,0,0,40,10,3,10,10,5,5,20,0,RankA,RankA,RankA,RankA,RankA,RankA,RankA,RankE,None,None,100,100,100,100,100,100,100,100,100,100,GenderFemale,Skill1Noncombatant,None,None,Civilian,0,ChildFMapSprite,NPCGirl1Portrait
Civilian21,10,0,0,0,0,0,0,0,0,0,0,40,10,3,10,10,5,5,20,0,RankA,RankA,RankA,RankA,RankA,RankA,RankA,RankE,None,None,100,100,100,100,100,100,100,100,100,100,GenderFemale,Skill1Noncombatant,None,None,Civilian,0,ChildFMapSprite,NPCGirl7Portrait
Civilian22,10,0,0,0,0,0,0,0,0,0,0,40,10,3,10,10,5,5,20,0,RankA,RankA,RankA,RankA,RankA,RankA,RankA,RankE,None,None,100,100,100,100,100,100,100,100,100,100,GenderFemale,Skill1Noncombatant,None,None,Civilian,0,ChildFMapSprite,NPCGirl1Portrait
Civilian23,10,0,0,0,0,0,0,0,0,0,0,40,10,3,10,10,5,5,20,0,RankA,RankA,RankA,RankA,RankA,RankA,RankA,RankE,None,None,100,100,100,100,100,100,100,100,100,100,GenderMale,Skill1Noncombatant,None,None,Civilian,0,ChildMapSprite,NPCBoy1Portrait
Civilian24,10,0,0,0,0,0,0,0,0,0,0,40,10,3,10,10,5,5,20,0,RankA,RankA,RankA,RankA,RankA,RankA,RankA,RankE,None,None,100,100,100,100,100,100,100,100,100,100,GenderMale,Skill1Noncombatant,None,None,Civilian,0,ChildMapSprite,NPCBoy1Portrait
Civilian25,10,0,0,0,0,0,0,0,0,0,0,40,10,3,10,10,5,5,20,0,RankA,RankA,RankA,RankA,RankA,RankA,RankA,RankE,None,None,100,100,100,100,100,100,100,100,100,100,GenderMale,Skill1Noncombatant,None,None,Civilian,0,ChildFMapSprite,NPCGirl7Portrait
Civilian26,10,0,0,0,0,0,0,0,0,0,0,40,10,3,10,10,5,5,20,0,RankA,RankA,RankA,RankA,RankA,RankA,RankA,RankE,None,None,100,100,100,100,100,100,100,100,100,100,GenderMale,Skill1Noncombatant,None,None,Civilian,0,ChildMapSprite,NPCBoy1Portrait
Civilian27,10,0,0,0,0,0,0,0,0,0,0,40,10,3,10,10,5,5,20,0,RankA,RankA,RankA,RankA,RankA,RankA,RankA,RankE,None,None,100,100,100,100,100,100,100,100,100,100,GenderMale,Skill1Noncombatant,None,None,Civilian,0,ChildMapSprite,NPCBoy1Portrait
Civilian28,10,0,0,0,0,0,0,0,0,0,0,40,10,3,10,10,5,5,20,0,RankA,RankA,RankA,RankA,RankA,RankA,RankA,RankE,None,None,100,100,100,100,100,100,100,100,100,100,GenderMale,Skill1Noncombatant,None,None,Civilian,0,ChildFMapSprite,NPCGirl1Portrait
Civilian29,10,0,0,0,0,0,0,0,0,0,0,40,10,3,10,10,5,5,20,0,RankA,RankA,RankA,RankA,RankA,RankA,RankA,RankE,None,None,100,100,100,100,100,100,100,100,100,100,GenderMale,Skill1Noncombatant,None,None,Civilian,0,ChildFMapSprite,NPCGirl7Portrait
Civilian30,10,0,0,0,0,0,0,0,0,0,0,40,10,3,10,10,5,5,20,0,RankA,RankA,RankA,RankA,RankA,RankA,RankA,RankE,None,None,100,100,100,100,100,100,100,100,100,100,GenderFemale,Skill1Noncombatant,None,None,Civilian,0,ChildFMapSprite,NPCGirl1Portrait
Hero1,-AutolevelScheme3,0,0,0,0,0,0,0,0,15,0,40,10,3,10,10,5,5,20,0,RankA,RankA,RankA,RankA,RankA,RankA,RankA,RankE,None,None,100,100,100,100,100,100,100,100,100,100,GenderFemale,None,Skill2Accost,None,HeroF,0,HeroFMapSprite,Myrmidon9Portrait
Hero2,-AutolevelScheme3,0,0,0,0,0,0,0,0,15,0,40,10,3,10,10,5,5,20,0,RankA,RankA,RankA,RankA,RankA,RankA,RankA,RankE,None,None,100,100,100,100,100,100,100,100,100,100,GenderMale,None,Skill2Vantage,None,Hero,0,HeroMapSprite,Myrmidon9Portrait
Hero3,-AutolevelScheme3,0,0,0,0,0,0,0,0,0,0,40,10,3,10,10,5,5,20,0,RankA,RankA,RankA,RankA,RankA,RankA,RankA,RankE,None,None,100,100,100,100,100,100,100,100,100,100,GenderMale,None,None,None,Hero,0,HeroMapSprite,Myrmidon9Portrait
SniperEnemy,-AutolevelScheme3,0,0,0,0,0,0,0,0,0,0,40,10,3,10,10,5,5,20,0,RankA,RankA,RankA,RankA,RankA,RankA,RankA,RankE,None,None,100,100,100,100,100,100,100,100,100,100,GenderMale,None,None,None,Sniper,0,SniperMapSprite,Archer2Portrait
Mus,52,10,7,11,8,5,9,7,1,5,0,40,10,3,10,10,5,5,20,0,RankA,RankA,RankA,RankA,RankA,RankA,RankA,RankE,None,None,100,100,100,100,100,100,100,100,100,100,GenderMale,None,None,Skill3Wrath,Baron,5,BaronMapSprite,RaydrikMusPortrait
TigrisDagdar,41,12,3,5,12,7,5,5,4,20,4,40,10,3,10,10,5,5,20,0,RankA,RankA,RankA,RankA,RankA,RankA,RankA,RankE,None,None,100,100,100,100,100,100,100,100,100,100,GenderMale,None,Skill2Accost,None,Warrior,0,WarriorMapSprite,DagdarTigrisPortrait
Tigris,38,5,14,18,11,11,7,8,3,0,5,40,10,3,10,10,5,5,20,0,RankA,RankA,RankA,RankA,RankA,RankA,RankA,RankA,None,None,100,100,100,100,100,100,100,100,100,100,GenderMale,None,Skill2Nihil,None,Bishop,0,BishopMapSprite,Priest2Portrait
CanisSara,16,3,16,13,7,3,1,13,0,0,0,40,10,3,10,10,5,5,20,0,RankA,RankA,RankA,RankA,RankA,RankA,RankA,RankA,RankA,None,100,100,100,100,100,100,100,100,100,100,GenderFemale,None,Skill2Miracle,Skill3Wrath | Skill3Paragon,SageF,0,SageFMapSprite,SaraCanisPortrait
Canis,40,9,10,10,10,4,3,0,0,0,1,40,10,3,10,10,5,5,20,0,RankA,RankA,RankA,RankA,RankA,RankA,RankA,RankA,RankA,None,100,100,100,100,100,100,100,100,100,100,GenderFemale,None,Skill2Vantage | Skill2Accost,None,Sage,0,SageMapSprite,MagicSword1Portrait
BovisGalzus,40,14,8,13,13,9,10,17,1,25,3,40,10,3,10,10,5,5,20,0,RankA,RankA,RankA,RankA,RankA,RankA,RankA,RankA,None,None,100,100,100,100,100,100,100,100,100,100,GenderMale,None,None,Skill3Astra | Skill3Luna,Hero,0,HeroMapSprite,GalzusBovisPortrait
Bovis,40,12,8,10,10,14,8,0,1,15,4,40,10,3,10,10,5,5,20,0,RankA,RankA,RankA,RankA,RankA,RankA,RankA,RankA,None,None,100,100,100,100,100,100,100,100,100,100,GenderMale,Skill1Renewal,Skill2Nihil,Skill3Astra,SwordmasterF,0,SwordmasterFMapSprite,Myrmidon9Portrait
PorcusLifis,44,14,4,11,12,7,4,2,0,10,0,40,10,3,10,10,5,5,20,0,RankA,None,None,None,None,None,None,None,None,None,100,100,100,100,100,100,100,100,100,100,GenderMale,None,None,None,Rogue,0,RogueMapSprite,LifisPorcusPortrait
Porcus,44,10,8,14,12,12,10,0,0,20,1,40,10,3,10,10,5,5,20,0,RankA,RankA,RankA,RankA,RankA,RankA,RankA,RankA,None,None,100,100,100,100,100,100,100,100,100,100,GenderMale,None,None,None,HighPriestess,0,HighPriestessMapSprite,Priest2Portrait
DracoEyvel,38,12,6,14,13,7,6,13,1,10,1,40,10,3,10,10,5,5,20,0,RankA,RankA,RankA,RankA,RankA,RankA,RankA,RankA,None,None,100,100,100,100,100,100,100,100,100,100,GenderMale,Skill1Renewal,Skill2Adept | Skill2Miracle,None,SniperF,0,SniperFMapSprite,EyvelDracoPortrait
Draco,38,8,8,13,13,8,8,0,1,15,2,40,10,3,10,10,5,5,20,0,RankA,RankA,RankA,RankA,RankA,RankA,RankA,RankA,None,None,100,100,100,100,100,100,100,100,100,100,GenderFemale,None,Skill2Adept,None,MageKnightDismounted,0,MageKnightDismountedMapSprite,MagicKnight4Portrait
LoptrianSorcerer,-AutolevelScheme4,0,0,0,0,0,0,0,0,0,0,40,10,3,10,10,5,5,20,0,RankA,RankA,RankA,RankA,RankA,RankA,RankA,RankE,None,None,100,100,100,100,100,100,100,100,100,100,GenderMale,None,None,None,Sorcerer,0,SorcererMapSprite,Mage7Portrait
LoptrianSniper,-AutolevelScheme3,0,0,0,0,0,0,0,0,0,0,40,10,3,10,10,5,5,20,0,RankA,RankA,RankA,RankA,RankA,RankA,RankA,RankE,None,None,100,100,100,100,100,100,100,100,100,100,GenderMale,None,None,None,Sniper,0,SniperMapSprite,Archer2Portrait
LoptrianSwordmaster,-AutolevelScheme3,0,0,0,0,0,0,0,0,0,0,40,10,3,10,10,5,5,20,0,RankA,RankA,RankA,RankA,RankA,RankA,RankA,RankE,None,None,100,100,100,100,100,100,100,100,100,100,GenderMale,None,None,None,Swordmaster,0,SwordmasterMapSprite,Myrmidon2Portrait
LoptrianGeneral,-AutolevelScheme3,0,0,0,0,0,0,0,0,0,0,40,10,3,10,10,5,5,20,0,RankA,RankA,RankA,RankA,RankA,RankA,RankA,RankE,None,None,100,100,100,100,100,100,100,100,100,100,GenderMale,None,None,None,General,0,GeneralMapSprite,General1Portrait
MunsterVeninBallista,-AutolevelScheme9,0,0,0,0,0,0,0,0,0,0,40,10,3,10,10,5,5,20,0,RankA,RankA,RankA,RankA,RankA,RankA,RankA,RankE,None,None,100,100,100,100,100,100,100,100,100,100,GenderMale,None,None,None,VeninBallistician,0,VeninBallisiticianMapSprite,Ballistician4Portrait
Speer,36,12,13,15,10,9,9,11,0,10,1,0,0,0,0,0,0,0,0,0,RankC,None,None,None,None,RankD,RankD,RankC,None,None,100,100,100,100,100,100,100,100,100,100,GenderMale,Skill1Renewal,Skill2Miracle,None,MageKnight,2,MageKnightMapSprite,CoulterPortrait
MunsterArmoredSword,-AutolevelScheme1,14,9,14,13,10,0,16,0,0,0,40,10,3,10,10,5,5,20,0,RankA,RankA,RankA,RankA,RankA,RankA,RankA,RankE,None,None,100,100,100,100,100,100,100,100,100,100,GenderMale,None,None,None,ArmoredSword,0,ArmoredSwordMapSprite,Armor4Portrait
MunsterSoldier2,-AutolevelScheme1,14,9,14,13,10,0,16,0,0,0,40,10,3,10,10,5,5,20,0,RankA,RankA,RankA,RankA,RankA,RankA,RankA,RankE,None,None,100,100,100,100,100,100,100,100,100,100,GenderMale,None,None,None,Soldier,0,SoldierMapSprite,Soldier1Portrait
FriegeBallista5,-AutolevelScheme9,14,9,14,13,10,0,16,0,0,0,40,10,3,10,10,5,5,20,0,RankA,RankA,RankA,RankA,RankA,RankA,RankA,RankE,None,None,100,100,100,100,100,100,100,100,100,100,GenderMale,None,None,None,IronBallistician,0,IronBallisticianMapSprite,Ballistician2Portrait
ThraciaArcher,-AutolevelScheme1,14,9,14,13,10,0,16,0,0,0,40,10,3,10,10,5,5,20,0,RankA,RankA,RankA,RankA,RankA,RankA,RankA,RankE,None,None,100,100,100,100,100,100,100,100,100,100,GenderMale,None,None,None,ArcherEnemy,0,ArcherEnemyMapSprite,Archer6Portrait
ThraciaBishop,-AutolevelScheme4,14,9,14,13,10,0,16,0,0,0,40,10,3,10,10,5,5,20,0,RankA,RankA,RankA,RankA,RankA,RankA,RankA,RankE,None,None,100,100,100,100,100,100,100,100,100,100,GenderMale,None,None,None,Bishop,3,BishopMapSprite,Priest2Portrait
ThraciaDracorider,-AutolevelScheme1,14,9,14,13,10,0,16,0,0,0,40,10,3,10,10,5,5,20,0,RankA,RankA,RankA,RankA,RankA,RankA,RankA,RankE,None,None,100,100,100,100,100,100,100,100,100,100,GenderMale,None,None,None,Dracorider,0,DracoriderMapSprite,Dracoknight1Portrait
ThraciaSoldier,-AutolevelScheme1,14,9,14,13,10,0,16,0,0,0,40,10,3,10,10,5,5,20,0,RankA,RankA,RankA,RankA,RankA,RankA,RankA,RankE,None,None,100,100,100,100,100,100,100,100,100,100,GenderMale,None,None,None,Soldier,0,SoldierMapSprite,Soldier1Portrait
UlsterCavalier2,-AutolevelScheme1,0,0,0,0,0,0,0,2,0,0,0,0,0,0,0,0,0,0,0,RankC,None,None,None,None,None,None,None,None,None,100,100,100,100,100,100,100,100,100,100,GenderMale,None,None,None,Cavalier,0,CavalierMapSprite,Knight1Portrait
PirateEnemy,-AutolevelScheme1,0,0,0,0,0,0,0,2,0,0,0,0,0,0,0,0,0,0,0,RankC,None,None,None,None,None,None,None,None,None,100,100,100,100,100,100,100,100,100,100,GenderMale,None,None,None,Pirate,0,PirateMapSprite,Brigand4Portrait
ResistanceArcher1,-AutolevelScheme1,0,0,0,0,0,0,0,2,0,0,0,0,0,0,0,0,0,0,0,RankC,None,None,None,None,None,None,None,None,None,100,100,100,100,100,100,100,100,100,100,GenderFemale,None,None,None,ArcherF,0,ArcherFMapSprite,Archer4Portrait
ResistancePriest,-AutolevelScheme2,0,0,0,0,0,0,0,2,0,0,0,0,0,0,0,0,0,0,0,RankC,None,None,None,None,None,None,None,None,None,100,100,100,100,100,100,100,100,100,100,GenderMale,None,None,None,Priest,0,PriestMapSprite,Priest1Portrait
ResistanceFighter,-AutolevelScheme1,0,0,0,0,0,0,0,2,0,0,0,0,0,0,0,0,0,0,0,RankC,None,None,None,None,None,None,None,None,None,100,100,100,100,100,100,100,100,100,100,GenderMale,None,None,None,Fighter,0,FighterMapSprite,Fighter2Portrait
ResistanceArcher2,-AutolevelScheme1,0,0,0,0,0,0,0,2,0,0,0,0,0,0,0,0,0,0,0,RankC,None,None,None,None,None,None,None,None,None,100,100,100,100,100,100,100,100,100,100,GenderMale,None,None,None,Archer,0,ArcherMapSprite,Archer1Portrait
ResistanceMyrmidon2,-AutolevelScheme1,0,0,0,0,0,0,0,2,0,0,0,0,0,0,0,0,0,0,0,RankC,None,None,None,None,None,None,None,None,None,100,100,100,100,100,100,100,100,100,100,GenderFemale,None,None,None,MyrmidonF,0,MyrmidonFMapSprite,Myrmidon5Portrait
ResistanceMage,-AutolevelScheme2,0,0,0,0,0,0,0,2,0,0,0,0,0,0,0,0,0,0,0,RankC,None,None,None,None,None,None,None,None,None,100,100,100,100,100,100,100,100,100,100,GenderFemale,None,None,None,WindMageF,0,WindMageFMapSprite,Mage9Portrait
MunsterGeneral,34,14,6,11,6,8,9,8,1,0,0,0,0,0,0,0,0,0,0,0,RankE,None,RankA,None,None,None,None,None,None,None,100,100,100,100,100,100,100,100,100,100,GenderMale,None,Skill2Charm,None,General,0,GeneralMapSprite,General1Portrait
LoptrianSorcerer2,-AutolevelScheme4,0,0,0,0,0,0,0,0,0,0,0,0,0,0,0,0,0,0,0,RankC,None,None,None,None,None,None,None,None,None,100,100,100,100,100,100,100,100,100,100,GenderMale,None,None,None,Sorcerer,0,SorcererMapSprite,Mage7Portrait
ThraciaArmoredSword,-AutolevelScheme1,0,0,0,0,0,0,0,0,0,0,0,0,0,0,0,0,0,0,0,RankC,None,None,None,None,None,None,None,None,None,100,100,100,100,100,100,100,100,100,100,GenderMale,None,None,None,ArmoredSword,0,ArmoredSwordMapSprite,Armor4Portrait
Wolfe,45,10,13,12,10,10,10,15,0,0,1,40,10,3,10,10,5,5,20,0,RankA,RankA,RankE,RankD,None,RankA,RankD,None,None,None,100,100,100,100,100,100,100,100,100,100,GenderMale,Skill1Renewal,None,Skill3Wrath,Baron,4,BaronMapSprite,BossUnknown5Portrait
